"date","Team","GP","W","L","AGT","K","D","KD","CKPM","GPR","GSPD","EGR","MLR","GD15","FB%","FT%","F3T%","PPG","HLD%","GRB%","FD%","DRG%","ELD%","FBN%","BN%","LNE%","JNG%","WPM","CWPM","WCPM"
"2025-01-18","Fnatic",1,0,1,30.1,2,19,0.11,0.7,-1.92,"-21.2%",15.7,-15.7,-2325,"0%","0%","0%",3,"0%","0%","0%","0%",,"0%","0%","51.1%","47.5%",3.25,0.93,1.46
"2025-01-18","G2 Esports",1,0,1,37.7,13,22,0.59,0.93,-0.36,"-4.6%",46.8,-46.8,-186,"0%","0%","100%",6,"100%","50%","0%","20%","0%","0%","0%","49.4%","50.1%",3.27,1.19,1.57
"2025-01-18","GiantX",1,1,0,33.1,19,5,3.8,0.72,0.73,"14.2%",34,66,-950,"100%","0%","0%",6,"0%","17%","0%","25%",,"100%","100%","52.1%","51.7%",3.35,1.03,1.72
"2025-01-18","Karmine Corp",1,1,0,37.7,22,13,1.69,0.93,0.36,"4.6%",53.2,46.8,186,"100%","100%","0%",6,"0%","50%","100%","80%","100%","100%","100%","50.6%","49.9%",3.88,1.41,1.59
"2025-01-18","Movistar KOI",1,1,0,30.1,19,2,9.5,0.7,1.92,"21.2%",84.3,15.7,2325,"100%","100%","100%",4,"100%","100%","100%","100%",,"100%","100%","48.9%","52.5%",3.52,1.53,1.83
"2025-01-18","Rogue",1,1,0,38.7,11,3,3.67,0.36,-0.19,"8.8%",46.1,53.9,-1229,"0%","100%","0%",3,"0%","0%","100%","67%",,"100%","100%","49.5%","49.8%",3.56,1.16,1.83
"2025-01-18","SK Gaming",1,0,1,33.1,5,19,0.26,0.72,-0.73,"-14.2%",66,-66,950,"0%","100%","100%",7,"100%","83%","100%","75%",,"0%","0%","47.9%","48.3%",3.02,1.12,0.88
"2025-01-18","Team BDS",1,0,1,32.5,7,17,0.41,0.74,-0.81,"-14.1%",46.3,-46.3,-885,"100%","0%","0%",3,"0%","67%","100%","75%",,"0%","0%","50.7%","46.6%",3.17,1.17,1.66
"2025-01-18","Team Heretics",1,0,1,38.7,3,11,0.27,0.36,0.19,"-8.8%",53.9,-53.9,1229,"100%","0%","100%",1,"100%","100%","0%","33%",,"0%","0%","50.5%","50.2%",3.77,1.42,1.52
"2025-01-18","Team Vitality",1,1,0,32.5,17,7,2.43,0.74,0.81,"14.1%",53.7,46.3,885,"0%","100%","100%",5,"100%","33%","0%","25%",,"100%","100%","49.3%","53.4%",3.26,1.14,1.63
"2025-01-19","Fnatic",2,1,1,29.4,31,28,1.11,1,0.76,"-1.9%",53,-3,661,"0%","0%","50%",4,"0%","25%","0%","29%",,"50%","50%","52.1%","55.0%",3.06,0.85,1.22
"2025-01-19","G2 Esports",2,0,2,34.7,23,34,0.68,0.82,0.74,"-0.1%",69.8,-69.8,1720,"50%","50%","100%",7,"50%","50%","0%","30%","0%","0%","0%","49.7%","55.3%",2.77,0.96,1.37
"2025-01-19","GiantX",2,2,0,46.2,46,32,1.44,0.84,0.2,"9.4%",25,75,-1603,"50%","0%","0%",4,"0%","8%","50%","56%","75%","100%","60%","52.3%","53.6%",3.4,1.04,1.81
"2025-01-19","Karmine Corp",2,2,0,37.1,44,24,1.83,0.92,0.4,"6.6%",41.2,58.8,-224,"50%","50%","50%",6.5,"0%","50%","50%","73%","100%","50%","50%","51.6%","50.1%",3.95,1.33,1.7
"2025-01-19","Movistar KOI",2,1,1,33.3,30,24,1.25,0.81,0.64,"6.3%",77.5,-27.5,1479,"100%","100%","50%",5,"100%","75%","100%","60%",,"100%","100%","48.1%","51.1%",3.44,1.52,1.95
"2025-01-19","Rogue",2,1,1,49,38,31,1.23,0.69,-0.01,"2.1%",65.1,-15.1,514,"50%","100%","50%",5,"50%","50%","50%","45%","25%","50%","67%","48.5%","47.2%",3.78,1.1,1.7
"2025-01-19","SK Gaming",2,0,2,33.5,11,38,0.29,0.72,-1.31,"-12.2%",39,-39,-866,"0%","50%","50%",7,"50%","67%","100%","63%",,"0%","0%","49.4%","49.3%",3.12,1.08,1.15
"2025-01-19","Team BDS",2,1,1,32.1,19,27,0.7,0.72,-1.41,"-9.3%",26.7,23.3,-2255,"50%","0%","0%",2.5,"50%","58%","100%","67%",,"50%","50%","50.4%","43.1%",3.1,1.17,1.35
"2025-01-19","Team Heretics",2,1,1,36.3,21,17,1.24,0.52,0.98,"0.7%",70.9,-20.9,1955,"100%","50%","100%",2,"100%","75%","0%","40%",,"50%","50%","49.8%","50.0%",3.67,1.36,1.53
"2025-01-19","Team Vitality",2,1,1,30.6,26,36,0.72,1.01,-1.26,"-1.7%",31.8,18.2,-1381,"50%","100%","50%",3,"100%","42%","50%","29%",,"50%","50%","48.1%","45.5%",3.04,1.01,1.27
"2025-01-20","Fnatic",3,2,1,28.1,51,32,1.59,0.98,1.85,"8.3%",67.4,-0.7,2144,"33%","33%","67%",6.3,"33%","50%","33%","50%",,"33%","50%","51.5%","58.4%",3.06,0.79,1.22
"2025-01-20","G2 Esports",3,1,2,32.6,42,40,1.05,0.84,0.84,"5.8%",63.2,-29.9,686,"33%","67%","67%",7.3,"33%","50%","33%","50%","0%","33%","33%","50.6%","53.0%",2.87,0.97,1.28
"2025-01-20","GiantX",3,3,0,43.3,57,34,1.68,0.7,1,"11.4%",44,56,-249,"67%","33%","33%",4.3,"33%","39%","33%","60%","75%","100%","71%","51.7%","54.9%",3.48,1.17,1.84
"2025-01-20","Karmine Corp",3,2,1,37.2,46,35,1.31,0.73,-0.74,"-0.7%",33.4,33.2,-969,"33%","33%","33%",5.3,"0%","33%","67%","59%","100%","33%","25%","50.9%","47.6%",3.89,1.32,1.8
"2025-01-20","Movistar KOI",3,2,1,34.6,45,36,1.25,0.78,0.84,"6.0%",69.2,-2.5,1484,"67%","100%","67%",5,"100%","78%","67%","56%",,"100%","100%","48.3%","53.5%",3.43,1.48,2.04
"2025-01-20","Rogue",3,1,2,45.5,46,55,0.84,0.73,-0.42,"-2.1%",62.7,-29.4,366,"33%","67%","33%",4.3,"33%","50%","67%","41%","25%","33%","57%","48.7%","47.2%",3.77,1.17,1.66
"2025-01-20","SK Gaming",3,0,3,31.8,17,57,0.3,0.77,-1.24,"-13.9%",42.7,-42.7,-116,"33%","33%","67%",6,"67%","61%","67%","42%",,"0%","0%","48.8%","50.1%",2.93,1.01,1.12
"2025-01-20","Team BDS",3,2,1,34.3,43,35,1.23,0.76,-0.34,"-2.7%",31.8,34.8,-1527,"67%","33%","33%",2.3,"67%","56%","67%","67%",,"67%","67%","50.5%","46.3%",3.19,1.2,1.63
"2025-01-20","Team Heretics",3,1,2,32.7,25,37,0.68,0.63,-0.42,"-9.1%",48.5,-15.2,-401,"67%","33%","67%",1.7,"67%","50%","0%","31%",,"33%","50%","49.7%","44.9%",3.44,1.25,1.46
"2025-01-20","Team Vitality",3,1,2,32.8,38,52,0.73,0.9,-1.23,"-2.9%",37,-3.7,-1418,"67%","67%","33%",2.7,"67%","33%","67%","38%",,"33%","33%","49.1%","44.2%",3.28,1.22,1.36
"2025-01-25","Fnatic",4,3,1,30.4,61,40,1.53,0.83,1.46,"6.2%",68.6,6.4,2050,"25%","50%","50%",6.3,"25%","50%","50%","50%",,"25%","50%","51.7%","57.0%",3.17,0.86,1.41
"2025-01-25","G2 Esports",4,2,2,36.3,60,53,1.13,0.78,0.73,"5.3%",64,-14,549,"50%","50%","75%",6,"25%","42%","50%","45%","0%","25%","50%","50.4%","52.9%",2.99,1.03,1.42
"2025-01-25","GiantX",4,3,1,42.4,73,49,1.49,0.72,0.81,"8.3%",50.1,24.9,78,"75%","25%","25%",3.8,"25%","46%","50%","50%","75%","100%","67%","51.1%","52.1%",3.43,1.2,1.82
"2025-01-25","Karmine Corp",4,3,1,33.5,60,40,1.5,0.75,-0.36,"1.0%",41.4,33.6,-290,"25%","25%","50%",5.8,"25%","50%","50%","55%","100%","25%","25%","50.7%","49.1%",3.58,1.19,1.7
"2025-01-25","Movistar KOI",4,3,1,35.9,60,52,1.15,0.78,0.56,"4.8%",59.8,15.2,848,"50%","100%","75%",4.5,"100%","67%","50%","62%",,"75%","80%","49.0%","54.1%",3.48,1.51,1.92
"2025-01-25","Rogue",4,1,3,43.5,54,65,0.83,0.68,-0.45,"-1.6%",53.9,-28.9,-167,"50%","50%","50%",4,"50%","50%","50%","43%","25%","50%","56%","48.5%","47.1%",3.82,1.25,1.66
"2025-01-25","SK Gaming",4,0,4,29.5,22,71,0.31,0.78,-1.3,"-11.9%",40.7,-40.7,-524,"50%","50%","50%",6.3,"50%","46%","75%","47%",,"0%","0%","49.1%","49.1%",2.96,1.08,1.14
"2025-01-25","Team BDS",4,2,2,35.6,55,54,1.02,0.77,-0.06,"-3.5%",42.5,7.5,-712,"75%","50%","50%",3.8,"75%","67%","50%","57%",,"50%","50%","50.5%","46.3%",3.26,1.26,1.59
"2025-01-25","Team Heretics",4,2,2,34.4,44,49,0.9,0.68,-0.49,"-5.4%",42.8,7.2,-734,"50%","25%","50%",1.5,"50%","38%","25%","42%",,"50%","60%","49.7%","47.1%",3.45,1.24,1.57
"2025-01-25","Team Vitality",4,1,3,36.4,51,70,0.73,0.82,-1,"-3.1%",36.1,-11.1,-1098,"50%","75%","25%",2.8,"75%","46%","50%","47%","100%","50%","33%","49.5%","45.0%",3.33,1.27,1.39
"2025-01-26","Fnatic",5,4,1,29.8,77,50,1.54,0.85,1.28,"6.1%",61.2,18.8,1380,"40%","60%","40%",6.2,"20%","53%","40%","50%",,"40%","60%","51.7%","56.6%",3.16,0.85,1.36
"2025-01-26","G2 Esports",5,2,3,34.5,70,69,1.01,0.81,0.54,"3.1%",64.9,-24.9,699,"40%","40%","80%",6,"40%","40%","60%","46%","0%","20%","43%","49.9%","51.4%",2.93,1.02,1.43
"2025-01-26","GiantX",5,4,1,39.9,89,54,1.65,0.72,0.97,"8.5%",56.4,23.6,425,"60%","40%","40%",3.8,"20%","47%","60%","56%","75%","100%","70%","51.1%","50.8%",3.32,1.18,1.77
"2025-01-26","Karmine Corp",5,4,1,32.2,85,46,1.85,0.81,0.1,"3.5%",50.3,29.7,338,"20%","40%","60%",6.2,"40%","43%","60%","58%","100%","20%","25%","50.8%","52.1%",3.53,1.19,1.59
"2025-01-26","Movistar KOI",5,4,1,34.7,76,57,1.33,0.77,0.82,"7.1%",63.6,16.4,1095,"60%","100%","80%",4.4,"100%","70%","60%","67%",,"80%","83%","49.1%","55.6%",3.44,1.48,2.02
"2025-01-26","Rogue",5,1,4,40.2,60,90,0.67,0.74,-0.71,"-4.0%",45.9,-25.9,-704,"60%","40%","40%",4.2,"40%","57%","40%","41%","25%","40%","56%","48.6%","44.9%",3.7,1.22,1.54
"2025-01-26","SK Gaming",5,0,5,29.9,34,85,0.4,0.79,-0.77,"-10.0%",47.4,-47.4,188,"60%","60%","60%",6.8,"60%","50%","60%","40%",,"0%","0%","49.3%","48.7%",3.03,1.12,1.25
"2025-01-26","Team BDS",5,2,3,34.4,60,70,0.86,0.75,-0.42,"-6.1%",38.3,1.7,-986,"60%","40%","40%",3.2,"60%","57%","40%","50%",,"40%","40%","50.4%","44.8%",3.25,1.24,1.62
"2025-01-26","Team Heretics",5,2,3,33.5,49,65,0.75,0.68,-0.74,"-6.2%",37.8,2.2,-949,"60%","20%","40%",1.2,"60%","40%","20%","38%",,"40%","50%","49.4%","48.6%",3.43,1.24,1.56
"2025-01-26","Team Vitality",5,2,3,35.5,65,82,0.79,0.82,-1.04,"-2.1%",34.1,5.9,-1486,"40%","60%","20%",3,"60%","43%","60%","54%","100%","60%","43%","49.5%","46.5%",3.36,1.27,1.42
"2025-01-27","Fnatic",6,5,1,32.1,93,63,1.48,0.81,0.95,"5.8%",56.3,27,913,"33%","50%","33%",5.8,"17%","53%","33%","52%",,"50%","57%","51.2%","57.0%",3.28,0.9,1.4
"2025-01-27","G2 Esports",6,3,3,33.3,86,73,1.18,0.8,1.04,"6.5%",70.3,-20.3,1412,"33%","50%","83%",6.5,"50%","50%","67%","54%","0%","33%","50%","49.6%","53.8%",2.9,1.03,1.43
"2025-01-27","GiantX",6,4,2,37.8,93,70,1.33,0.72,0.34,"3.2%",47.5,19.2,-476,"67%","33%","33%",3.5,"17%","39%","50%","48%","75%","83%","64%","51.3%","48.0%",3.28,1.17,1.65
"2025-01-27","Karmine Corp",6,5,1,33,111,56,1.98,0.84,0.85,"6.1%",56,27.3,648,"33%","50%","67%",6.7,"50%","44%","50%","60%","100%","33%","40%","50.8%","53.2%",3.6,1.23,1.61
"2025-01-27","Movistar KOI",6,5,1,33.5,93,58,1.6,0.75,1.03,"7.9%",67.2,16.2,1381,"67%","100%","83%",5.3,"100%","69%","67%","70%",,"83%","86%","49.4%","55.7%",3.43,1.5,1.92
"2025-01-27","Rogue",6,1,5,39.3,68,108,0.63,0.74,-0.76,"-5.2%",46.5,-29.8,-712,"50%","33%","50%",4.5,"50%","56%","50%","42%","25%","33%","50%","48.7%","45.7%",3.61,1.21,1.5
"2025-01-27","SK Gaming",6,0,6,29.6,35,102,0.34,0.77,-1.01,"-10.2%",42,-42,-311,"50%","50%","50%",6.7,"50%","47%","50%","35%",,"0%","0%","49.3%","48.0%",3.05,1.15,1.28
"2025-01-27","Team BDS",6,2,4,36,73,86,0.85,0.74,-0.3,"-5.8%",43.3,-9.9,-584,"67%","50%","50%",3,"67%","56%","50%","48%",,"33%","43%","50.6%","44.1%",3.3,1.26,1.67
"2025-01-27","Team Heretics",6,2,4,34.1,59,91,0.65,0.73,-1.34,"-8.3%",34.1,-0.8,-1157,"50%","17%","33%",2.2,"50%","42%","33%","37%",,"33%","43%","49.3%","47.5%",3.53,1.3,1.57
"2025-01-27","Team Vitality",6,3,3,35.5,83,90,0.92,0.81,-0.7,"0.1%",36.8,13.2,-1113,"50%","67%","17%",3.7,"50%","44%","50%","53%","100%","67%","50%","49.7%","47.2%",3.34,1.25,1.42
"2025-02-01","Fnatic",7,6,1,31.6,117,76,1.54,0.87,1.16,"7.3%",59.7,26,1009,"43%","43%","43%",6.4,"14%","52%","43%","58%",,"57%","63%","51.4%","57.3%",3.2,0.88,1.41
"2025-02-01","G2 Esports",7,4,3,33.1,98,81,1.21,0.77,1.06,"6.2%",64.6,-7.4,1129,"43%","43%","86%",6.3,"57%","45%","71%","55%","0%","43%","56%","49.8%","54.6%",2.89,1.01,1.44
"2025-02-01","GiantX",7,4,3,36.5,106,94,1.13,0.78,0.02,"0.3%",43.5,13.6,-635,"57%","43%","29%",4,"29%","40%","43%","42%","75%","71%","58%","50.8%","47.0%",3.27,1.15,1.55
"2025-02-01","Karmine Corp",7,6,1,33.9,132,70,1.89,0.85,0.5,"6.0%",49.7,36.1,-20,"29%","43%","57%",6,"43%","40%","57%","63%","100%","29%","43%","50.9%","53.8%",3.63,1.24,1.67
"2025-02-01","Movistar KOI",7,5,2,34.2,114,80,1.43,0.81,0.99,"6.6%",61.5,9.9,1133,"71%","100%","86%",4.9,"100%","69%","57%","69%",,"86%","78%","49.2%","54.4%",3.42,1.5,1.92
"2025-02-01","Rogue",7,1,6,38.3,76,120,0.63,0.73,-0.81,"-5.1%",49.9,-35.6,-530,"43%","43%","43%",4.1,"43%","60%","43%","42%","25%","29%","45%","48.8%","44.9%",3.6,1.2,1.44
"2025-02-01","SK Gaming",7,0,7,29.5,43,122,0.35,0.79,-1.29,"-11.1%",37.4,-37.4,-759,"57%","43%","43%",6,"43%","48%","57%","33%",,"0%","0%","49.2%","46.5%",3.08,1.18,1.25
"2025-02-01","Team BDS",7,3,4,35,93,94,0.99,0.76,0.09,"-2.7%",49.9,-7,-8,"57%","57%","57%",3.3,"71%","55%","43%","51%",,"43%","50%","50.6%","46.7%",3.23,1.23,1.66
"2025-02-01","Team Heretics",7,3,4,34.8,81,112,0.72,0.79,-1.25,"-7.0%",39.6,3.2,-942,"43%","14%","29%",2.4,"43%","40%","43%","37%",,"29%","44%","49.8%","48.2%",3.49,1.29,1.56
"2025-02-01","Team Vitality",7,3,4,36,97,111,0.87,0.82,-0.39,"-0.7%",44.2,-1.4,-378,"57%","71%","29%",4,"57%","50%","43%","49%","50%","71%","50%","49.6%","46.4%",3.38,1.3,1.45
"2025-02-02","Fnatic",8,7,1,31.1,143,81,1.77,0.9,1.43,"9.4%",64.4,23.1,1467,"50%","50%","50%",6.1,"25%","46%","50%","63%",,"63%","67%","51.3%","56.9%",3.15,0.86,1.36
"2025-02-02","G2 Esports",8,5,3,32.7,122,90,1.36,0.81,1.14,"6.0%",61.2,1.3,964,"50%","38%","75%",6.4,"50%","52%","63%","57%","0%","50%","60%","49.8%","54.2%",2.9,1.03,1.45
"2025-02-02","GiantX",8,5,3,37.1,124,107,1.16,0.78,0.43,"1.8%",48,14.5,-188,"63%","50%","38%",3.9,"38%","44%","38%","41%","75%","75%","64%","50.5%","48.0%",3.26,1.16,1.57
"2025-02-02","Karmine Corp",8,6,2,33.1,137,96,1.43,0.88,0.07,"2.3%",43.8,31.2,-602,"25%","38%","50%",5.5,"38%","48%","50%","56%","100%","25%","38%","50.6%","52.9%",3.53,1.21,1.59
"2025-02-02","Movistar KOI",8,5,3,33.6,123,104,1.18,0.84,0.69,"5.2%",61.7,0.8,1016,"63%","100%","88%",4.8,"100%","60%","63%","64%",,"75%","70%","49.3%","53.7%",3.44,1.45,1.82
"2025-02-02","Rogue",8,1,7,37.4,79,133,0.59,0.71,-0.85,"-4.9%",47.3,-34.8,-595,"50%","38%","38%",4.1,"38%","60%","38%","38%","25%","25%","42%","49.0%","44.8%",3.62,1.19,1.42
"2025-02-02","SK Gaming",8,1,7,29.7,56,125,0.45,0.76,-0.97,"-9.2%",41.6,-29.1,-533,"50%","50%","50%",5.9,"50%","46%","63%","42%",,"13%","13%","49.3%","47.7%",3.13,1.21,1.3
"2025-02-02","Team BDS",8,3,5,35.8,106,112,0.95,0.76,-0.35,"-3.9%",46.2,-8.7,-375,"50%","50%","50%",3.1,"63%","52%","50%","54%",,"38%","40%","50.7%","46.5%",3.25,1.24,1.62
"2025-02-02","Team Heretics",8,3,5,34.5,84,125,0.67,0.76,-1.42,"-7.1%",37.7,-0.2,-1003,"38%","13%","25%",2.3,"38%","40%","38%","33%",,"25%","40%","49.7%","47.6%",3.45,1.27,1.59
"2025-02-02","Team Vitality",8,4,4,35.6,110,114,0.96,0.78,-0.04,"0.4%",48.1,1.9,-152,"63%","75%","38%",4,"63%","52%","50%","54%","50%","75%","55%","49.8%","47.8%",3.38,1.29,1.45
"2025-02-03","Fnatic",9,8,1,30.9,164,84,1.95,0.89,1.61,"11.2%",67.1,21.8,1590,"44%","44%","56%",6.2,"33%","44%","56%","67%",,"67%","70%","51.3%","57.2%",3.13,0.86,1.38
"2025-02-03","G2 Esports",9,6,3,32.1,143,98,1.46,0.83,1.24,"6.8%",63.2,3.5,1206,"44%","44%","78%",6.4,"44%","50%","56%","55%","0%","44%","60%","50.0%","53.6%",2.9,1.02,1.45
"2025-02-03","GiantX",9,5,4,36.5,133,126,1.06,0.79,0.16,"-0.7%",46.7,8.9,-381,"56%","44%","33%",3.7,"44%","44%","44%","42%","75%","67%","60%","50.5%","47.1%",3.2,1.13,1.56
"2025-02-03","Karmine Corp",9,6,3,32.6,142,114,1.25,0.87,-0.02,"1.9%",42.7,23.9,-535,"22%","44%","56%",5.3,"33%","46%","44%","51%","100%","22%","33%","50.5%","52.2%",3.48,1.19,1.55
"2025-02-03","Movistar KOI",9,6,3,33.5,148,114,1.3,0.87,0.89,"6.4%",63.8,2.9,1236,"67%","100%","89%",5,"100%","57%","56%","63%",,"78%","73%","49.4%","54.4%",3.44,1.4,1.85
"2025-02-03","Rogue",9,1,8,36.8,89,158,0.56,0.74,-1.02,"-6.1%",44.2,-33.1,-861,"44%","33%","33%",4,"33%","61%","44%","39%","25%","22%","38%","49.1%","44.2%",3.62,1.19,1.41
"2025-02-03","SK Gaming",9,1,8,29.6,59,146,0.4,0.77,-1.19,"-11.1%",38.3,-27.2,-760,"56%","56%","44%",6.2,"44%","48%","56%","37%",,"11%","11%","49.3%","46.9%",3.15,1.21,1.25
"2025-02-03","Team BDS",9,4,5,35.1,124,117,1.06,0.76,-0.24,"-3.3%",48.4,-3.9,-332,"56%","44%","44%",3.1,"67%","54%","56%","58%",,"44%","45%","50.7%","47.3%",3.26,1.23,1.61
"2025-02-03","Team Heretics",9,3,6,33.8,92,146,0.63,0.78,-1.5,"-7.7%",35.9,-2.5,-1241,"44%","11%","22%",2.2,"44%","43%","44%","36%",,"22%","40%","49.5%","47.9%",3.42,1.27,1.54
"2025-02-03","Team Vitality",9,5,4,35.1,129,123,1.05,0.79,0.2,"2.7%",49.9,5.7,79,"67%","78%","44%",4.3,"56%","52%","44%","53%","50%","78%","58%","49.8%","49.2%",3.35,1.28,1.41
"2025-02-15","Fnatic",2,2,0,29.8,35,11,3.18,0.77,1.55,"13.5%",75.6,24.4,1918,"100%","50%","50%",5.5,"100%","50%","50%","75%",,"50%","100%","50.7%","50.9%",3.14,0.91,1.26
"2025-02-15","G2 Esports",2,2,0,36.5,28,23,1.22,0.7,1.14,"4.0%",72.4,27.6,1534,"50%","0%","100%",8,"50%","25%","100%","70%",,"50%","100%","50.5%","55.0%",3.11,1.07,1.95
"2025-02-15","GiantX",2,0,2,36.5,23,28,0.82,0.7,-1.14,"-4.0%",27.6,-27.6,-1534,"50%","100%","0%",4.5,"50%","75%","0%","30%",,"0%","0%","49.5%","45.0%",3.41,1.29,1.76
"2025-02-15","Team Heretics",2,0,2,29.8,11,35,0.31,0.77,-1.55,"-13.5%",24.4,-24.4,-1918,"0%","50%","50%",5.5,"0%","50%","50%","25%",,"0%","0%","49.3%","49.1%",2.82,1.19,1.21
"2025-02-16","Fnatic",2,2,0,29.8,35,11,3.18,0.77,1.55,"13.5%",75.6,24.4,1918,"100%","50%","50%",5.5,"100%","50%","50%","75%",,"50%","100%","50.7%","50.9%",3.14,0.91,1.26
"2025-02-16","G2 Esports",2,2,0,36.5,28,23,1.22,0.7,1.14,"4.0%",72.4,27.6,1534,"50%","0%","100%",8,"50%","25%","100%","70%",,"50%","100%","50.5%","55.0%",3.11,1.07,1.95
"2025-02-16","GiantX",2,0,2,36.5,23,28,0.82,0.7,-1.14,"-4.0%",27.6,-27.6,-1534,"50%","100%","0%",4.5,"50%","75%","0%","30%",,"0%","0%","49.5%","45.0%",3.41,1.29,1.76
"2025-02-16","Karmine Corp",2,2,0,38.8,43,28,1.54,0.92,2.41,"11.5%",92.2,7.8,4301,"100%","100%","100%",9,"100%","92%","0%","78%","100%","50%","100%","49.3%","57.3%",3.21,1.16,1.7
"2025-02-16","Movistar KOI",2,2,0,35.8,44,25,1.76,0.96,1.42,"15.6%",57.2,42.8,1254,"50%","50%","50%",7.5,"50%","67%","100%","64%",,"100%","100%","50.8%","59.8%",4.04,1.72,1.85
"2025-02-16","Team BDS",2,0,2,35.8,25,44,0.57,0.96,-1.42,"-15.6%",42.8,-42.8,-1254,"50%","50%","50%",5,"50%","33%","0%","36%",,"0%","0%","49.2%","40.2%",3.26,1.21,1.63
"2025-02-16","Team Heretics",2,0,2,29.8,11,35,0.31,0.77,-1.55,"-13.5%",24.4,-24.4,-1918,"0%","50%","50%",5.5,"0%","50%","50%","25%",,"0%","0%","49.3%","49.1%",2.82,1.19,1.21
"2025-02-16","Team Vitality",2,0,2,38.8,28,43,0.65,0.92,-2.41,"-11.5%",7.8,-7.8,-4301,"0%","0%","0%",2,"0%","8%","100%","22%","0%","0%","0%","50.7%","42.7%",3.25,1.3,1.67
"2025-02-17","Fnatic",4,2,2,33.7,65,62,1.05,0.94,0.57,"4.4%",63.2,-13.2,1114,"75%","75%","50%",4.8,"100%","67%","50%","53%",,"50%","67%","49.4%","50.5%",3.18,0.94,1.23
"2025-02-17","G2 Esports",4,4,0,37,79,53,1.49,0.89,0.67,"4.4%",60.8,39.2,612,"50%","0%","75%",5.3,"25%","21%","75%","67%",,"25%","75%","51.2%","52.4%",3.16,1,1.62
"2025-02-17","GiantX",2,0,2,36.5,23,28,0.82,0.7,-1.14,"-4.0%",27.6,-27.6,-1534,"50%","100%","0%",4.5,"50%","75%","0%","30%",,"0%","0%","49.5%","45.0%",3.41,1.29,1.76
"2025-02-17","Karmine Corp",4,4,0,33.8,70,33,2.12,0.76,1.92,"10.5%",75.8,24.2,2187,"75%","75%","75%",6.5,"75%","63%","50%","88%","100%","50%","80%","49.9%","56.7%",3.35,1.2,1.73
"2025-02-17","Movistar KOI",4,2,2,32.3,49,53,0.92,0.78,0.23,"3.0%",48.9,1.1,590,"50%","50%","50%",4.8,"50%","67%","50%","37%",,"75%","80%","50.1%","51.8%",3.93,1.63,1.82
"2025-02-17","Team BDS",2,0,2,35.8,25,44,0.57,0.96,-1.42,"-15.6%",42.8,-42.8,-1254,"50%","50%","50%",5,"50%","33%","0%","36%",,"0%","0%","49.2%","40.2%",3.26,1.21,1.63
"2025-02-17","Team Heretics",2,0,2,29.8,11,35,0.31,0.77,-1.55,"-13.5%",24.4,-24.4,-1918,"0%","50%","50%",5.5,"0%","50%","50%","25%",,"0%","0%","49.3%","49.1%",2.82,1.19,1.21
"2025-02-17","Team Vitality",2,0,2,38.8,28,43,0.65,0.92,-2.41,"-11.5%",7.8,-7.8,-4301,"0%","0%","0%",2,"0%","8%","100%","22%","0%","0%","0%","50.7%","42.7%",3.25,1.3,1.67
"2025-02-22","Fnatic",4,2,2,33.7,65,62,1.05,0.94,0.57,"4.4%",63.2,-13.2,1114,"75%","75%","50%",4.8,"100%","67%","50%","53%",,"50%","67%","49.4%","50.5%",3.18,0.94,1.23
"2025-02-22","G2 Esports",4,4,0,37,79,53,1.49,0.89,0.67,"4.4%",60.8,39.2,612,"50%","0%","75%",5.3,"25%","21%","75%","67%",,"25%","75%","51.2%","52.4%",3.16,1,1.62
"2025-02-22","GiantX",5,2,3,33.8,66,59,1.12,0.74,0.01,"3.4%",52.2,-12.2,-179,"60%","60%","60%",4,"20%","70%","40%","48%",,"40%","40%","50.2%","50.1%",3.47,1.4,1.66
"2025-02-22","Karmine Corp",4,4,0,33.8,70,33,2.12,0.76,1.92,"10.5%",75.8,24.2,2187,"75%","75%","75%",6.5,"75%","63%","50%","88%","100%","50%","80%","49.9%","56.7%",3.35,1.2,1.73
"2025-02-22","Movistar KOI",4,2,2,32.3,49,53,0.92,0.78,0.23,"3.0%",48.9,1.1,590,"50%","50%","50%",4.8,"50%","67%","50%","37%",,"75%","80%","50.1%","51.8%",3.93,1.63,1.82
"2025-02-22","Team BDS",5,2,3,36.8,78,94,0.83,0.94,-0.35,"-5.9%",60.9,-20.9,663,"60%","80%","60%",4.8,"60%","53%","40%","48%",,"40%","50%","49.7%","44.5%",3.25,1.24,1.53
"2025-02-22","Team Heretics",5,1,4,31.1,42,78,0.54,0.77,-1.13,"-10.3%",28.5,-8.5,-1201,"20%","60%","20%",3.4,"60%","40%","40%","33%",,"20%","25%","49.3%","47.6%",3.09,1.25,1.5
"2025-02-22","Team Vitality",5,1,4,38,78,96,0.81,0.92,-1.19,"-4.9%",19.4,0.6,-2884,"20%","0%","20%",2,"20%","23%","60%","36%","0%","20%","13%","50.3%","48.6%",3.14,1.24,1.57
"2025-02-23","Fnatic",7,4,3,36.4,117,124,0.94,0.94,0.2,"3.7%",58,-0.8,646,"71%","57%","29%",4.6,"57%","57%","43%","54%",,"29%","50%","50.3%","52.5%",3.27,1.02,1.36
"2025-02-23","G2 Esports",4,4,0,37,79,53,1.49,0.89,0.67,"4.4%",60.8,39.2,612,"50%","0%","75%",5.3,"25%","21%","75%","67%",,"25%","75%","51.2%","52.4%",3.16,1,1.62
"2025-02-23","GiantX",7,2,5,33.3,79,90,0.88,0.73,-0.77,"-1.2%",40.6,-12.1,-1118,"43%","43%","43%",3.7,"14%","50%","43%","39%",,"29%","29%","50.1%","47.2%",3.46,1.38,1.68
"2025-02-23","Karmine Corp",4,4,0,33.8,70,33,2.12,0.76,1.92,"10.5%",75.8,24.2,2187,"75%","75%","75%",6.5,"75%","63%","50%","88%","100%","50%","80%","49.9%","56.7%",3.35,1.2,1.73
"2025-02-23","Movistar KOI",6,4,2,32.2,80,66,1.21,0.75,1.1,"6.2%",62,4.6,1549,"67%","67%","67%",5,"67%","78%","50%","52%",,"83%","86%","50.1%","54.6%",3.87,1.57,1.8
"2025-02-23","Team BDS",8,3,5,38,140,146,0.96,0.94,-0.13,"-4.7%",56.4,-18.9,406,"50%","75%","75%",3.9,"75%","54%","50%","47%",,"63%","53%","49.3%","44.7%",3.24,1.19,1.56
"2025-02-23","Team Heretics",5,1,4,31.1,42,78,0.54,0.77,-1.13,"-10.3%",28.5,-8.5,-1201,"20%","60%","20%",3.4,"60%","40%","40%","33%",,"20%","25%","49.3%","47.6%",3.09,1.25,1.5
"2025-02-23","Team Vitality",5,1,4,38,78,96,0.81,0.92,-1.19,"-4.9%",19.4,0.6,-2884,"20%","0%","20%",2,"20%","23%","60%","36%","0%","20%","13%","50.3%","48.6%",3.14,1.24,1.57
"2025-02-24","Fnatic",7,4,3,36.4,117,124,0.94,0.94,0.2,"3.7%",58,-0.8,646,"71%","57%","29%",4.6,"57%","57%","43%","54%",,"29%","50%","50.3%","52.5%",3.27,1.02,1.36
"2025-02-24","G2 Esports",8,7,1,33,132,78,1.69,0.79,1.15,"4.3%",66.9,20.6,1005,"63%","38%","75%",4.9,"50%","35%","75%","68%",,"38%","71%","50.7%","53.7%",3.14,1.01,1.56
"2025-02-24","GiantX",7,2,5,33.3,79,90,0.88,0.73,-0.77,"-1.2%",40.6,-12.1,-1118,"43%","43%","43%",3.7,"14%","50%","43%","39%",,"29%","29%","50.1%","47.2%",3.46,1.38,1.68
"2025-02-24","Karmine Corp",8,5,3,31.4,95,86,1.1,0.72,0.21,"3.2%",51.4,11.1,395,"50%","50%","50%",4.1,"50%","56%","38%","59%","100%","38%","63%","49.9%","50.8%",3.19,1.13,1.44
"2025-02-24","Movistar KOI",6,4,2,32.2,80,66,1.21,0.75,1.1,"6.2%",62,4.6,1549,"67%","67%","67%",5,"67%","78%","50%","52%",,"83%","86%","50.1%","54.6%",3.87,1.57,1.8
"2025-02-24","Team BDS",8,3,5,38,140,146,0.96,0.94,-0.13,"-4.7%",56.4,-18.9,406,"50%","75%","75%",3.9,"75%","54%","50%","47%",,"63%","53%","49.3%","44.7%",3.24,1.19,1.56
"2025-02-24","Team Heretics",5,1,4,31.1,42,78,0.54,0.77,-1.13,"-10.3%",28.5,-8.5,-1201,"20%","60%","20%",3.4,"60%","40%","40%","33%",,"20%","25%","49.3%","47.6%",3.09,1.25,1.5
"2025-02-24","Team Vitality",5,1,4,38,78,96,0.81,0.92,-1.19,"-4.9%",19.4,0.6,-2884,"20%","0%","20%",2,"20%","23%","60%","36%","0%","20%","13%","50.3%","48.6%",3.14,1.24,1.57
"2025-02-28""Fnatic",11,7,4,34.9,176,180,0.98,0.93,0.02,"1.6%",56,7.7,260,"64%","55%","45%",4,"64%","45%","55%","55%",,"36%","53%","50.6%","52.1%",3.3,1,1.38
"2025-02-28""G2 Esports",8,7,1,33,132,78,1.69,0.79,1.15,"4.3%",66.9,20.6,1005,"63%","38%","75%",4.9,"50%","35%","75%","68%",,"38%","71%","50.7%","53.7%",3.14,1.01,1.56
"2025-02-28""GiantX",7,2,5,33.3,79,90,0.88,0.73,-0.77,"-1.2%",40.6,-12.1,-1118,"43%","43%","43%",3.7,"14%","50%","43%","39%",,"29%","29%","50.1%","47.2%",3.46,1.38,1.68
"2025-02-28""Karmine Corp",8,5,3,31.4,95,86,1.1,0.72,0.21,"3.2%",51.4,11.1,395,"50%","50%","50%",4.1,"50%","56%","38%","59%","100%","38%","63%","49.9%","50.8%",3.19,1.13,1.44
"2025-02-28""Movistar KOI",10,5,5,32.2,136,125,1.09,0.81,0.79,"4.5%",56.3,-6.3,1095,"60%","60%","50%",4.9,"50%","78%","40%","49%",,"70%","67%","49.6%","52.2%",3.73,1.53,1.66
"2025-02-28""Team BDS",8,3,5,38,140,146,0.96,0.94,-0.13,"-4.7%",56.4,-18.9,406,"50%","75%","75%",3.9,"75%","54%","50%","47%",,"63%","53%","49.3%","44.7%",3.24,1.19,1.56
"2025-02-28""Team Heretics",5,1,4,31.1,42,78,0.54,0.77,-1.13,"-10.3%",28.5,-8.5,-1201,"20%","60%","20%",3.4,"60%","40%","40%","33%",,"20%","25%","49.3%","47.6%",3.09,1.25,1.5
"2025-02-28""Team Vitality",5,1,4,38,78,96,0.81,0.92,-1.19,"-4.9%",19.4,0.6,-2884,"20%","0%","20%",2,"20%","23%","60%","36%","0%","20%","13%","50.3%","48.6%",3.14,1.24,1.57
"2025-03-01","Fnatic",16,9,7,35.1,252,263,0.96,0.92,-0.02,"0.8%",50,6.2,22,"56%","50%","44%",3.7,"69%","45%","50%","52%","0%","38%","59%","50.2%","52.2%",3.28,1,1.43
"2025-03-01","G2 Esports",8,7,1,33,132,78,1.69,0.79,1.15,"4.3%",66.9,20.6,1005,"63%","38%","75%",4.9,"50%","35%","75%","68%",,"38%","71%","50.7%","53.7%",3.14,1.01,1.56
"2025-03-01","GiantX",7,2,5,33.3,79,90,0.88,0.73,-0.77,"-1.2%",40.6,-12.1,-1118,"43%","43%","43%",3.7,"14%","50%","43%","39%",,"29%","29%","50.1%","47.2%",3.46,1.38,1.68
"2025-03-01","Karmine Corp",13,8,5,33.1,178,162,1.1,0.79,0.18,"2.4%",55.9,5.7,437,"54%","54%","54%",4.7,"38%","55%","46%","57%","100%","38%","47%","50.2%","49.6%",3.25,1.17,1.49
"2025-03-01","Movistar KOI",10,5,5,32.2,136,125,1.09,0.81,0.79,"4.5%",56.3,-6.3,1095,"60%","60%","50%",4.9,"50%","78%","40%","49%",,"70%","67%","49.6%","52.2%",3.73,1.53,1.66
"2025-03-01","Team BDS",8,3,5,38,140,146,0.96,0.94,-0.13,"-4.7%",56.4,-18.9,406,"50%","75%","75%",3.9,"75%","54%","50%","47%",,"63%","53%","49.3%","44.7%",3.24,1.19,1.56
"2025-03-01","Team Heretics",5,1,4,31.1,42,78,0.54,0.77,-1.13,"-10.3%",28.5,-8.5,-1201,"20%","60%","20%",3.4,"60%","40%","40%","33%",,"20%","25%","49.3%","47.6%",3.09,1.25,1.5
"2025-03-01","Team Vitality",5,1,4,38,78,96,0.81,0.92,-1.19,"-4.9%",19.4,0.6,-2884,"20%","0%","20%",2,"20%","23%","60%","36%","0%","20%","13%","50.3%","48.6%",3.14,1.24,1.57
"2025-03-02","Fnatic",16,9,7,35.1,252,263,0.96,0.92,-0.02,"0.8%",50,6.2,22,"56%","50%","44%",3.7,"69%","45%","50%","52%","0%","38%","59%","50.2%","52.2%",3.28,1,1.43
"2025-03-02","G2 Esports",11,7,4,32.6,153,141,1.09,0.82,0.55,"-0.7%",61.5,2.1,821,"55%","36%","55%",4.5,"55%","41%","55%","54%","50%","27%","50%","50.1%","51.7%",3.07,1.01,1.49
"2025-03-02","GiantX",7,2,5,33.3,79,90,0.88,0.73,-0.77,"-1.2%",40.6,-12.1,-1118,"43%","43%","43%",3.7,"14%","50%","43%","39%",,"29%","29%","50.1%","47.2%",3.46,1.38,1.68
"2025-03-02","Karmine Corp",16,11,5,32.8,241,184,1.31,0.81,0.35,"4.5%",55.3,13.4,293,"56%","56%","63%",4.8,"38%","53%","56%","63%","75%","44%","56%","50.4%","50.4%",3.29,1.19,1.46
"2025-03-02","Movistar KOI",10,5,5,32.2,136,125,1.09,0.81,0.79,"4.5%",56.3,-6.3,1095,"60%","60%","50%",4.9,"50%","78%","40%","49%",,"70%","67%","49.6%","52.2%",3.73,1.53,1.66
"2025-03-02","Team BDS",8,3,5,38,140,146,0.96,0.94,-0.13,"-4.7%",56.4,-18.9,406,"50%","75%","75%",3.9,"75%","54%","50%","47%",,"63%","53%","49.3%","44.7%",3.24,1.19,1.56
"2025-03-02","Team Heretics",5,1,4,31.1,42,78,0.54,0.77,-1.13,"-10.3%",28.5,-8.5,-1201,"20%","60%","20%",3.4,"60%","40%","40%","33%",,"20%","25%","49.3%","47.6%",3.09,1.25,1.5
"2025-03-02","Team Vitality",5,1,4,38,78,96,0.81,0.92,-1.19,"-4.9%",19.4,0.6,-2884,"20%","0%","20%",2,"20%","23%","60%","36%","0%","20%","13%","50.3%","48.6%",3.14,1.24,1.57
"2025-01-12","Oh My God",3,0,3,33.8,34,57,0.6,0.9,,"-9.0%",,,,"0%","33%",,,"33%","50%","33%","50%",,,"0%","49.9%","46.0%",3.61,1.34,1.49
"2025-01-12","Weibo Gaming",3,3,0,33.8,57,34,1.68,0.9,,"9.0%",,,,"100%","67%",,,"67%","50%","67%","50%",,,"100%","50.1%","54.0%",3.42,1.28,1.77
"2025-01-13","LNG Esports",4,1,3,35,50,66,0.76,0.82,,"-5.5%",,,,"25%","75%",,,"50%","71%","25%","33%",,,"29%","49.9%","46.8%",3.37,1.33,1.4
"2025-01-13","Oh My God",3,0,3,33.8,34,57,0.6,0.9,,"-9.0%",,,,"0%","33%",,,"33%","50%","33%","50%",,,"0%","49.9%","46.0%",3.61,1.34,1.49
"2025-01-13","ThunderTalk Gaming",4,3,1,35,65,50,1.3,0.82,,"5.5%",,,,"75%","25%",,,"50%","29%","75%","67%",,,"71%","50.1%","53.2%",3.53,1.47,1.47
"2025-01-13","Weibo Gaming",3,3,0,33.8,57,34,1.68,0.9,,"9.0%",,,,"100%","67%",,,"67%","50%","67%","50%",,,"100%","50.1%","54.0%",3.42,1.28,1.77
"2025-01-14","FunPlus Phoenix",4,1,3,35.4,42,60,0.7,0.72,,"-4.3%",,,,"25%","0%",,,"50%","46%","75%","55%",,,"40%","49.8%","46.8%",3.31,1.34,1.62
"2025-01-14","LNG Esports",4,1,3,35,50,66,0.76,0.82,,"-5.5%",,,,"25%","75%",,,"50%","71%","25%","33%",,,"29%","49.9%","46.8%",3.37,1.33,1.4
"2025-01-14","Oh My God",3,0,3,33.8,34,57,0.6,0.9,,"-9.0%",,,,"0%","33%",,,"33%","50%","33%","50%",,,"0%","49.9%","46.0%",3.61,1.34,1.49
"2025-01-14","Royal Never Give Up",4,3,1,35.4,60,42,1.43,0.72,,"4.3%",,,,"75%","100%",,,"50%","54%","25%","45%",,,"60%","50.2%","53.2%",3.3,1.31,1.59
"2025-01-14","ThunderTalk Gaming",4,3,1,35,65,50,1.3,0.82,,"5.5%",,,,"75%","25%",,,"50%","29%","75%","67%",,,"71%","50.1%","53.2%",3.53,1.47,1.47
"2025-01-14","Weibo Gaming",3,3,0,33.8,57,34,1.68,0.9,,"9.0%",,,,"100%","67%",,,"67%","50%","67%","50%",,,"100%","50.1%","54.0%",3.42,1.28,1.77
"2025-01-15","FunPlus Phoenix",4,1,3,35.4,42,60,0.7,0.72,,"-4.3%",,,,"25%","0%",,,"50%","46%","75%","55%",,,"40%","49.8%","46.8%",3.31,1.34,1.62
"2025-01-15","LNG Esports",4,1,3,35,50,66,0.76,0.82,,"-5.5%",,,,"25%","75%",,,"50%","71%","25%","33%",,,"29%","49.9%","46.8%",3.37,1.33,1.4
"2025-01-15","Oh My God",3,0,3,33.8,34,57,0.6,0.9,,"-9.0%",,,,"0%","33%",,,"33%","50%","33%","50%",,,"0%","49.9%","46.0%",3.61,1.34,1.49
"2025-01-15","Royal Never Give Up",4,3,1,35.4,60,42,1.43,0.72,,"4.3%",,,,"75%","100%",,,"50%","54%","25%","45%",,,"60%","50.2%","53.2%",3.3,1.31,1.59
"2025-01-15","ThunderTalk Gaming",4,3,1,35,65,50,1.3,0.82,,"5.5%",,,,"75%","25%",,,"50%","29%","75%","67%",,,"71%","50.1%","53.2%",3.53,1.47,1.47
"2025-01-15","Ultra Prime",4,1,3,30,51,67,0.76,0.98,,"-11.9%",,,,"50%","25%",,,"25%","38%","50%","44%",,,"67%","47.9%","47.2%",3.3,1.52,1.44
"2025-01-15","Weibo Gaming",7,6,1,31.6,123,87,1.41,0.94,,"10.7%",,,,"71%","71%",,,"71%","57%","57%","54%",,,"67%","51.3%","53.3%",3.4,1.28,1.66
"2025-01-16","Anyone's Legend",3,3,0,34.9,76,51,1.49,1.21,,"7.3%",,,,"67%","33%",,,"33%","33%","100%","55%",,,"80%","52.6%","52.2%",3.41,1.3,1.82
"2025-01-16","FunPlus Phoenix",4,1,3,35.4,42,60,0.7,0.72,,"-4.3%",,,,"25%","0%",,,"50%","46%","75%","55%",,,"40%","49.8%","46.8%",3.31,1.34,1.62
"2025-01-16","LGD Gaming",3,0,3,34.9,51,76,0.67,1.21,,"-7.3%",,,,"33%","67%",,,"67%","67%","0%","45%",,,"20%","47.4%","47.8%",3.17,1.39,1.51
"2025-01-16","LNG Esports",4,1,3,35,50,66,0.76,0.82,,"-5.5%",,,,"25%","75%",,,"50%","71%","25%","33%",,,"29%","49.9%","46.8%",3.37,1.33,1.4
"2025-01-16","Oh My God",3,0,3,33.8,34,57,0.6,0.9,,"-9.0%",,,,"0%","33%",,,"33%","50%","33%","50%",,,"0%","49.9%","46.0%",3.61,1.34,1.49
"2025-01-16","Royal Never Give Up",4,3,1,35.4,60,42,1.43,0.72,,"4.3%",,,,"75%","100%",,,"50%","54%","25%","45%",,,"60%","50.2%","53.2%",3.3,1.31,1.59
"2025-01-16","ThunderTalk Gaming",4,3,1,35,65,50,1.3,0.82,,"5.5%",,,,"75%","25%",,,"50%","29%","75%","67%",,,"71%","50.1%","53.2%",3.53,1.47,1.47
"2025-01-16","Ultra Prime",4,1,3,30,51,67,0.76,0.98,,"-11.9%",,,,"50%","25%",,,"25%","38%","50%","44%",,,"67%","47.9%","47.2%",3.3,1.52,1.44
"2025-01-16","Weibo Gaming",7,6,1,31.6,123,87,1.41,0.94,,"10.7%",,,,"71%","71%",,,"71%","57%","57%","54%",,,"67%","51.3%","53.3%",3.4,1.28,1.66
"2025-01-17","Anyone's Legend",3,3,0,34.9,76,51,1.49,1.21,,"7.3%",,,,"67%","33%",,,"33%","33%","100%","55%",,,"80%","52.6%","52.2%",3.41,1.3,1.82
"2025-01-17","Bilibili Gaming",3,3,0,33.7,58,27,2.15,0.84,,"7.1%",,,,"33%","67%",,,"33%","33%","67%","79%",,,"67%","51.9%","52.9%",3.22,1.35,1.99
"2025-01-17","EDward Gaming",3,0,3,33.7,27,58,0.47,0.84,,"-7.1%",,,,"67%","33%",,,"67%","67%","33%","21%",,,"33%","48.1%","47.1%",3.34,1.37,1.33
"2025-01-17","FunPlus Phoenix",4,1,3,35.4,42,60,0.7,0.72,,"-4.3%",,,,"25%","0%",,,"50%","46%","75%","55%",,,"40%","49.8%","46.8%",3.31,1.34,1.62
"2025-01-17","LGD Gaming",3,0,3,34.9,51,76,0.67,1.21,,"-7.3%",,,,"33%","67%",,,"67%","67%","0%","45%",,,"20%","47.4%","47.8%",3.17,1.39,1.51
"2025-01-17","LNG Esports",4,1,3,35,50,66,0.76,0.82,,"-5.5%",,,,"25%","75%",,,"50%","71%","25%","33%",,,"29%","49.9%","46.8%",3.37,1.33,1.4
"2025-01-17","Oh My God",3,0,3,33.8,34,57,0.6,0.9,,"-9.0%",,,,"0%","33%",,,"33%","50%","33%","50%",,,"0%","49.9%","46.0%",3.61,1.34,1.49
"2025-01-17","Royal Never Give Up",4,3,1,35.4,60,42,1.43,0.72,,"4.3%",,,,"75%","100%",,,"50%","54%","25%","45%",,,"60%","50.2%","53.2%",3.3,1.31,1.59
"2025-01-17","ThunderTalk Gaming",4,3,1,35,65,50,1.3,0.82,,"5.5%",,,,"75%","25%",,,"50%","29%","75%","67%",,,"71%","50.1%","53.2%",3.53,1.47,1.47
"2025-01-17","Ultra Prime",4,1,3,30,51,67,0.76,0.98,,"-11.9%",,,,"50%","25%",,,"25%","38%","50%","44%",,,"67%","47.9%","47.2%",3.3,1.52,1.44
"2025-01-17","Weibo Gaming",7,6,1,31.6,123,87,1.41,0.94,,"10.7%",,,,"71%","71%",,,"71%","57%","57%","54%",,,"67%","51.3%","53.3%",3.4,1.28,1.66
"2025-01-18","Anyone's Legend",3,3,0,34.9,76,51,1.49,1.21,,"7.3%",,,,"67%","33%",,,"33%","33%","100%","55%",,,"80%","52.6%","52.2%",3.41,1.3,1.82
"2025-01-18","Bilibili Gaming",3,3,0,33.7,58,27,2.15,0.84,,"7.1%",,,,"33%","67%",,,"33%","33%","67%","79%",,,"67%","51.9%","52.9%",3.22,1.35,1.99
"2025-01-18","EDward Gaming",3,0,3,33.7,27,58,0.47,0.84,,"-7.1%",,,,"67%","33%",,,"67%","67%","33%","21%",,,"33%","48.1%","47.1%",3.34,1.37,1.33
"2025-01-18","FunPlus Phoenix",4,1,3,35.4,42,60,0.7,0.72,,"-4.3%",,,,"25%","0%",,,"50%","46%","75%","55%",,,"40%","49.8%","46.8%",3.31,1.34,1.62
"2025-01-18","LGD Gaming",3,0,3,34.9,51,76,0.67,1.21,,"-7.3%",,,,"33%","67%",,,"67%","67%","0%","45%",,,"20%","47.4%","47.8%",3.17,1.39,1.51
"2025-01-18","LNG Esports",4,1,3,35,50,66,0.76,0.82,,"-5.5%",,,,"25%","75%",,,"50%","71%","25%","33%",,,"29%","49.9%","46.8%",3.37,1.33,1.4
"2025-01-18","Oh My God",3,0,3,33.8,34,57,0.6,0.9,,"-9.0%",,,,"0%","33%",,,"33%","50%","33%","50%",,,"0%","49.9%","46.0%",3.61,1.34,1.49
"2025-01-18","Royal Never Give Up",4,3,1,35.4,60,42,1.43,0.72,,"4.3%",,,,"75%","100%",,,"50%","54%","25%","45%",,,"60%","50.2%","53.2%",3.3,1.31,1.59
"2025-01-18","Team WE",3,0,3,33,35,59,0.59,0.95,,"-10.9%",,,,"67%","33%",,,"33%","56%","67%","55%",,,"50%","48.5%","42.8%",3.36,1.41,1.37
"2025-01-18","ThunderTalk Gaming",4,3,1,35,65,50,1.3,0.82,,"5.5%",,,,"75%","25%",,,"50%","29%","75%","67%",,,"71%","50.1%","53.2%",3.53,1.47,1.47
"2025-01-18","Top Esports",3,3,0,33,59,35,1.69,0.95,,"10.9%",,,,"33%","67%",,,"67%","44%","33%","45%",,,"50%","51.5%","57.2%",3.27,1.31,1.59
"2025-01-18","Ultra Prime",4,1,3,30,51,67,0.76,0.98,,"-11.9%",,,,"50%","25%",,,"25%","38%","50%","44%",,,"67%","47.9%","47.2%",3.3,1.52,1.44
"2025-01-18","Weibo Gaming",7,6,1,31.6,123,87,1.41,0.94,,"10.7%",,,,"71%","71%",,,"71%","57%","57%","54%",,,"67%","51.3%","53.3%",3.4,1.28,1.66
"2025-01-19","Anyone's Legend",3,3,0,34.9,76,51,1.49,1.21,,"7.3%",,,,"67%","33%",,,"33%","33%","100%","55%",,,"80%","52.6%","52.2%",3.41,1.3,1.82
"2025-01-19","Bilibili Gaming",3,3,0,33.7,58,27,2.15,0.84,,"7.1%",,,,"33%","67%",,,"33%","33%","67%","79%",,,"67%","51.9%","52.9%",3.22,1.35,1.99
"2025-01-19","EDward Gaming",3,0,3,33.7,27,58,0.47,0.84,,"-7.1%",,,,"67%","33%",,,"67%","67%","33%","21%",,,"33%","48.1%","47.1%",3.34,1.37,1.33
"2025-01-19","FunPlus Phoenix",4,1,3,35.4,42,60,0.7,0.72,,"-4.3%",,,,"25%","0%",,,"50%","46%","75%","55%",,,"40%","49.8%","46.8%",3.31,1.34,1.62
"2025-01-19","Invictus Gaming",4,1,3,32.3,48,65,0.74,0.87,,"-0.4%",,,,"0%","50%",,,"50%","33%","75%","33%",,,"0%","51.1%","45.8%",3.25,1.34,1.56
"2025-01-19","LGD Gaming",3,0,3,34.9,51,76,0.67,1.21,,"-7.3%",,,,"33%","67%",,,"67%","67%","0%","45%",,,"20%","47.4%","47.8%",3.17,1.39,1.51
"2025-01-19","LNG Esports",4,1,3,35,50,66,0.76,0.82,,"-5.5%",,,,"25%","75%",,,"50%","71%","25%","33%",,,"29%","49.9%","46.8%",3.37,1.33,1.4
"2025-01-19","Ninjas in Pyjamas",4,3,1,32.3,65,48,1.35,0.87,,"0.4%",,,,"100%","50%",,,"50%","67%","25%","67%",,,"100%","48.9%","54.2%",3.12,1.18,1.45
"2025-01-19","Oh My God",3,0,3,33.8,34,57,0.6,0.9,,"-9.0%",,,,"0%","33%",,,"33%","50%","33%","50%",,,"0%","49.9%","46.0%",3.61,1.34,1.49
"2025-01-19","Royal Never Give Up",4,3,1,35.4,60,42,1.43,0.72,,"4.3%",,,,"75%","100%",,,"50%","54%","25%","45%",,,"60%","50.2%","53.2%",3.3,1.31,1.59
"2025-01-19","Team WE",3,0,3,33,35,59,0.59,0.95,,"-10.9%",,,,"67%","33%",,,"33%","56%","67%","55%",,,"50%","48.5%","42.8%",3.36,1.41,1.37
"2025-01-19","ThunderTalk Gaming",4,3,1,35,65,50,1.3,0.82,,"5.5%",,,,"75%","25%",,,"50%","29%","75%","67%",,,"71%","50.1%","53.2%",3.53,1.47,1.47
"2025-01-19","Top Esports",3,3,0,33,59,35,1.69,0.95,,"10.9%",,,,"33%","67%",,,"67%","44%","33%","45%",,,"50%","51.5%","57.2%",3.27,1.31,1.59
"2025-01-19","Ultra Prime",4,1,3,30,51,67,0.76,0.98,,"-11.9%",,,,"50%","25%",,,"25%","38%","50%","44%",,,"67%","47.9%","47.2%",3.3,1.52,1.44
"2025-01-19","Weibo Gaming",7,6,1,31.6,123,87,1.41,0.94,,"10.7%",,,,"71%","71%",,,"71%","57%","57%","54%",,,"67%","51.3%","53.3%",3.4,1.28,1.66
"2025-01-20","Anyone's Legend",3,3,0,34.9,76,51,1.49,1.21,,"7.3%",,,,"67%","33%",,,"33%","33%","100%","55%",,,"80%","52.6%","52.2%",3.41,1.3,1.82
"2025-01-20","Bilibili Gaming",3,3,0,33.7,58,27,2.15,0.84,,"7.1%",,,,"33%","67%",,,"33%","33%","67%","79%",,,"67%","51.9%","52.9%",3.22,1.35,1.99
"2025-01-20","EDward Gaming",3,0,3,33.7,27,58,0.47,0.84,,"-7.1%",,,,"67%","33%",,,"67%","67%","33%","21%",,,"33%","48.1%","47.1%",3.34,1.37,1.33
"2025-01-20","FunPlus Phoenix",4,1,3,35.4,42,60,0.7,0.72,,"-4.3%",,,,"25%","0%",,,"50%","46%","75%","55%",,,"40%","49.8%","46.8%",3.31,1.34,1.62
"2025-01-20","Invictus Gaming",4,1,3,32.3,48,65,0.74,0.87,,"-0.4%",,,,"0%","50%",,,"50%","33%","75%","33%",,,"0%","51.1%","45.8%",3.25,1.34,1.56
"2025-01-20","JD Gaming",3,3,0,33.7,57,22,2.59,0.78,,"7.2%",,,,"67%","33%",,,"67%","78%","100%","58%",,,"25%","50.9%","49.5%",3.75,1.31,1.44
"2025-01-20","LGD Gaming",3,0,3,34.9,51,76,0.67,1.21,,"-7.3%",,,,"33%","67%",,,"67%","67%","0%","45%",,,"20%","47.4%","47.8%",3.17,1.39,1.51
"2025-01-20","LNG Esports",4,1,3,35,50,66,0.76,0.82,,"-5.5%",,,,"25%","75%",,,"50%","71%","25%","33%",,,"29%","49.9%","46.8%",3.37,1.33,1.4
"2025-01-20","Ninjas in Pyjamas",4,3,1,32.3,65,48,1.35,0.87,,"0.4%",,,,"100%","50%",,,"50%","67%","25%","67%",,,"100%","48.9%","54.2%",3.12,1.18,1.45
"2025-01-20","Oh My God",3,0,3,33.8,34,57,0.6,0.9,,"-9.0%",,,,"0%","33%",,,"33%","50%","33%","50%",,,"0%","49.9%","46.0%",3.61,1.34,1.49
"2025-01-20","Royal Never Give Up",4,3,1,35.4,60,42,1.43,0.72,,"4.3%",,,,"75%","100%",,,"50%","54%","25%","45%",,,"60%","50.2%","53.2%",3.3,1.31,1.59
"2025-01-20","Team WE",3,0,3,33,35,59,0.59,0.95,,"-10.9%",,,,"67%","33%",,,"33%","56%","67%","55%",,,"50%","48.5%","42.8%",3.36,1.41,1.37
"2025-01-20","ThunderTalk Gaming",4,3,1,35,65,50,1.3,0.82,,"5.5%",,,,"75%","25%",,,"50%","29%","75%","67%",,,"71%","50.1%","53.2%",3.53,1.47,1.47
"2025-01-20","Top Esports",3,3,0,33,59,35,1.69,0.95,,"10.9%",,,,"33%","67%",,,"67%","44%","33%","45%",,,"50%","51.5%","57.2%",3.27,1.31,1.59
"2025-01-20","Ultra Prime",7,1,6,31.6,73,124,0.59,0.89,,"-9.9%",,,,"43%","43%",,,"29%","31%","29%","43%",,,"71%","48.4%","48.6%",3.33,1.52,1.57
"2025-01-20","Weibo Gaming",7,6,1,31.6,123,87,1.41,0.94,,"10.7%",,,,"71%","71%",,,"71%","57%","57%","54%",,,"67%","51.3%","53.3%",3.4,1.28,1.66
"2025-01-21","Anyone's Legend",3,3,0,34.9,76,51,1.49,1.21,,"7.3%",,,,"67%","33%",,,"33%","33%","100%","55%",,,"80%","52.6%","52.2%",3.41,1.3,1.82
"2025-01-21","Bilibili Gaming",3,3,0,33.7,58,27,2.15,0.84,,"7.1%",,,,"33%","67%",,,"33%","33%","67%","79%",,,"67%","51.9%","52.9%",3.22,1.35,1.99
"2025-01-21","EDward Gaming",7,1,6,32.5,80,128,0.63,0.91,,"-6.6%",,,,"57%","29%",,,"43%","45%","43%","29%",,,"25%","48.9%","46.8%",3.43,1.39,1.38
"2025-01-21","FunPlus Phoenix",4,1,3,35.4,42,60,0.7,0.72,,"-4.3%",,,,"25%","0%",,,"50%","46%","75%","55%",,,"40%","49.8%","46.8%",3.31,1.34,1.62
"2025-01-21","Invictus Gaming",4,1,3,32.3,48,65,0.74,0.87,,"-0.4%",,,,"0%","50%",,,"50%","33%","75%","33%",,,"0%","51.1%","45.8%",3.25,1.34,1.56
"2025-01-21","JD Gaming",3,3,0,33.7,57,22,2.59,0.78,,"7.2%",,,,"67%","33%",,,"67%","78%","100%","58%",,,"25%","50.9%","49.5%",3.75,1.31,1.44
"2025-01-21","LGD Gaming",3,0,3,34.9,51,76,0.67,1.21,,"-7.3%",,,,"33%","67%",,,"67%","67%","0%","45%",,,"20%","47.4%","47.8%",3.17,1.39,1.51
"2025-01-21","LNG Esports",4,1,3,35,50,66,0.76,0.82,,"-5.5%",,,,"25%","75%",,,"50%","71%","25%","33%",,,"29%","49.9%","46.8%",3.37,1.33,1.4
"2025-01-21","Ninjas in Pyjamas",4,3,1,32.3,65,48,1.35,0.87,,"0.4%",,,,"100%","50%",,,"50%","67%","25%","67%",,,"100%","48.9%","54.2%",3.12,1.18,1.45
"2025-01-21","Oh My God",3,0,3,33.8,34,57,0.6,0.9,,"-9.0%",,,,"0%","33%",,,"33%","50%","33%","50%",,,"0%","49.9%","46.0%",3.61,1.34,1.49
"2025-01-21","Royal Never Give Up",4,3,1,35.4,60,42,1.43,0.72,,"4.3%",,,,"75%","100%",,,"50%","54%","25%","45%",,,"60%","50.2%","53.2%",3.3,1.31,1.59
"2025-01-21","Team WE",3,0,3,33,35,59,0.59,0.95,,"-10.9%",,,,"67%","33%",,,"33%","56%","67%","55%",,,"50%","48.5%","42.8%",3.36,1.41,1.37
"2025-01-21","ThunderTalk Gaming",8,6,2,33.3,135,103,1.31,0.89,,"5.9%",,,,"63%","50%",,,"63%","50%","63%","66%",,,"75%","50.3%","53.3%",3.43,1.51,1.6
"2025-01-21","Top Esports",3,3,0,33,59,35,1.69,0.95,,"10.9%",,,,"33%","67%",,,"67%","44%","33%","45%",,,"50%","51.5%","57.2%",3.27,1.31,1.59
"2025-01-21","Ultra Prime",7,1,6,31.6,73,124,0.59,0.89,,"-9.9%",,,,"43%","43%",,,"29%","31%","29%","43%",,,"71%","48.4%","48.6%",3.33,1.52,1.57
"2025-01-21","Weibo Gaming",7,6,1,31.6,123,87,1.41,0.94,,"10.7%",,,,"71%","71%",,,"71%","57%","57%","54%",,,"67%","51.3%","53.3%",3.4,1.28,1.66
"2025-01-22","Anyone's Legend",3,3,0,34.9,76,51,1.49,1.21,,"7.3%",,,,"67%","33%",,,"33%","33%","100%","55%",,,"80%","52.6%","52.2%",3.41,1.3,1.82
"2025-01-22","Bilibili Gaming",3,3,0,33.7,58,27,2.15,0.84,,"7.1%",,,,"33%","67%",,,"33%","33%","67%","79%",,,"67%","51.9%","52.9%",3.22,1.35,1.99
"2025-01-22","EDward Gaming",7,1,6,32.5,80,128,0.63,0.91,,"-6.6%",,,,"57%","29%",,,"43%","45%","43%","29%",,,"25%","48.9%","46.8%",3.43,1.39,1.38
"2025-01-22","FunPlus Phoenix",4,1,3,35.4,42,60,0.7,0.72,,"-4.3%",,,,"25%","0%",,,"50%","46%","75%","55%",,,"40%","49.8%","46.8%",3.31,1.34,1.62
"2025-01-22","Invictus Gaming",4,1,3,32.3,48,65,0.74,0.87,,"-0.4%",,,,"0%","50%",,,"50%","33%","75%","33%",,,"0%","51.1%","45.8%",3.25,1.34,1.56
"2025-01-22","JD Gaming",3,3,0,33.7,57,22,2.59,0.78,,"7.2%",,,,"67%","33%",,,"67%","78%","100%","58%",,,"25%","50.9%","49.5%",3.75,1.31,1.44
"2025-01-22","LGD Gaming",6,3,3,33.1,109,98,1.11,1.04,,"2.3%",,,,"50%","50%",,,"67%","64%","50%","74%",,,"50%","49.5%","49.5%",3.27,1.34,1.63
"2025-01-22","LNG Esports",4,1,3,35,50,66,0.76,0.82,,"-5.5%",,,,"25%","75%",,,"50%","71%","25%","33%",,,"29%","49.9%","46.8%",3.37,1.33,1.4
"2025-01-22","Ninjas in Pyjamas",4,3,1,32.3,65,48,1.35,0.87,,"0.4%",,,,"100%","50%",,,"50%","67%","25%","67%",,,"100%","48.9%","54.2%",3.12,1.18,1.45
"2025-01-22","Oh My God",3,0,3,33.8,34,57,0.6,0.9,,"-9.0%",,,,"0%","33%",,,"33%","50%","33%","50%",,,"0%","49.9%","46.0%",3.61,1.34,1.49
"2025-01-22","Royal Never Give Up",4,3,1,35.4,60,42,1.43,0.72,,"4.3%",,,,"75%","100%",,,"50%","54%","25%","45%",,,"60%","50.2%","53.2%",3.3,1.31,1.59
"2025-01-22","Team WE",6,0,6,32.1,57,117,0.49,0.9,,"-11.3%",,,,"50%","50%",,,"33%","47%","33%","26%",,,"29%","48.5%","45.8%",3.43,1.45,1.38
"2025-01-22","ThunderTalk Gaming",8,6,2,33.3,135,103,1.31,0.89,,"5.9%",,,,"63%","50%",,,"63%","50%","63%","66%",,,"75%","50.3%","53.3%",3.43,1.51,1.6
"2025-01-22","Top Esports",3,3,0,33,59,35,1.69,0.95,,"10.9%",,,,"33%","67%",,,"67%","44%","33%","45%",,,"50%","51.5%","57.2%",3.27,1.31,1.59
"2025-01-22","Ultra Prime",7,1,6,31.6,73,124,0.59,0.89,,"-9.9%",,,,"43%","43%",,,"29%","31%","29%","43%",,,"71%","48.4%","48.6%",3.33,1.52,1.57
"2025-01-22","Weibo Gaming",7,6,1,31.6,123,87,1.41,0.94,,"10.7%",,,,"71%","71%",,,"71%","57%","57%","54%",,,"67%","51.3%","53.3%",3.4,1.28,1.66
"2025-01-23","Anyone's Legend",3,3,0,34.9,76,51,1.49,1.21,,"7.3%",,,,"67%","33%",,,"33%","33%","100%","55%",,,"80%","52.6%","52.2%",3.41,1.3,1.82
"2025-01-23","Bilibili Gaming",3,3,0,33.7,58,27,2.15,0.84,,"7.1%",,,,"33%","67%",,,"33%","33%","67%","79%",,,"67%","51.9%","52.9%",3.22,1.35,1.99
"2025-01-23","EDward Gaming",7,1,6,32.5,80,128,0.63,0.91,,"-6.6%",,,,"57%","29%",,,"43%","45%","43%","29%",,,"25%","48.9%","46.8%",3.43,1.39,1.38
"2025-01-23","FunPlus Phoenix",4,1,3,35.4,42,60,0.7,0.72,,"-4.3%",,,,"25%","0%",,,"50%","46%","75%","55%",,,"40%","49.8%","46.8%",3.31,1.34,1.62
"2025-01-23","Invictus Gaming",4,1,3,32.3,48,65,0.74,0.87,,"-0.4%",,,,"0%","50%",,,"50%","33%","75%","33%",,,"0%","51.1%","45.8%",3.25,1.34,1.56
"2025-01-23","JD Gaming",8,6,2,30.8,128,79,1.62,0.84,,"9.2%",,,,"63%","38%",,,"50%","56%","75%","61%",,,"13%","51.8%","51.4%",3.47,1.24,1.35
"2025-01-23","LGD Gaming",6,3,3,33.1,109,98,1.11,1.04,,"2.3%",,,,"50%","50%",,,"67%","64%","50%","74%",,,"50%","49.5%","49.5%",3.27,1.34,1.63
"2025-01-23","LNG Esports",4,1,3,35,50,66,0.76,0.82,,"-5.5%",,,,"25%","75%",,,"50%","71%","25%","33%",,,"29%","49.9%","46.8%",3.37,1.33,1.4
"2025-01-23","Ninjas in Pyjamas",4,3,1,32.3,65,48,1.35,0.87,,"0.4%",,,,"100%","50%",,,"50%","67%","25%","67%",,,"100%","48.9%","54.2%",3.12,1.18,1.45
"2025-01-23","Oh My God",8,2,6,30.8,91,128,0.71,0.89,,"-9.9%",,,,"25%","50%",,,"50%","54%","38%","43%",,,"57%","48.5%","47.0%",3.31,1.24,1.35
"2025-01-23","Royal Never Give Up",4,3,1,35.4,60,42,1.43,0.72,,"4.3%",,,,"75%","100%",,,"50%","54%","25%","45%",,,"60%","50.2%","53.2%",3.3,1.31,1.59
"2025-01-23","Team WE",6,0,6,32.1,57,117,0.49,0.9,,"-11.3%",,,,"50%","50%",,,"33%","47%","33%","26%",,,"29%","48.5%","45.8%",3.43,1.45,1.38
"2025-01-23","ThunderTalk Gaming",8,6,2,33.3,135,103,1.31,0.89,,"5.9%",,,,"63%","50%",,,"63%","50%","63%","66%",,,"75%","50.3%","53.3%",3.43,1.51,1.6
"2025-01-23","Top Esports",3,3,0,33,59,35,1.69,0.95,,"10.9%",,,,"33%","67%",,,"67%","44%","33%","45%",,,"50%","51.5%","57.2%",3.27,1.31,1.59
"2025-01-23","Ultra Prime",7,1,6,31.6,73,124,0.59,0.89,,"-9.9%",,,,"43%","43%",,,"29%","31%","29%","43%",,,"71%","48.4%","48.6%",3.33,1.52,1.57
"2025-01-23","Weibo Gaming",7,6,1,31.6,123,87,1.41,0.94,,"10.7%",,,,"71%","71%",,,"71%","57%","57%","54%",,,"67%","51.3%","53.3%",3.4,1.28,1.66
"2025-01-24","Anyone's Legend",7,6,1,36.6,158,96,1.65,0.99,,"7.5%",,,,"71%","43%",,,"57%","48%","86%","67%",,,"82%","50.8%","51.1%",3.44,1.36,1.66
"2025-01-24","Bilibili Gaming",3,3,0,33.7,58,27,2.15,0.84,,"7.1%",,,,"33%","67%",,,"33%","33%","67%","79%",,,"67%","51.9%","52.9%",3.22,1.35,1.99
"2025-01-24","EDward Gaming",7,1,6,32.5,80,128,0.63,0.91,,"-6.6%",,,,"57%","29%",,,"43%","45%","43%","29%",,,"25%","48.9%","46.8%",3.43,1.39,1.38
"2025-01-24","FunPlus Phoenix",4,1,3,35.4,42,60,0.7,0.72,,"-4.3%",,,,"25%","0%",,,"50%","46%","75%","55%",,,"40%","49.8%","46.8%",3.31,1.34,1.62
"2025-01-24","Invictus Gaming",4,1,3,32.3,48,65,0.74,0.87,,"-0.4%",,,,"0%","50%",,,"50%","33%","75%","33%",,,"0%","51.1%","45.8%",3.25,1.34,1.56
"2025-01-24","JD Gaming",8,6,2,30.8,128,79,1.62,0.84,,"9.2%",,,,"63%","38%",,,"50%","56%","75%","61%",,,"13%","51.8%","51.4%",3.47,1.24,1.35
"2025-01-24","LGD Gaming",6,3,3,33.1,109,98,1.11,1.04,,"2.3%",,,,"50%","50%",,,"67%","64%","50%","74%",,,"50%","49.5%","49.5%",3.27,1.34,1.63
"2025-01-24","LNG Esports",4,1,3,35,50,66,0.76,0.82,,"-5.5%",,,,"25%","75%",,,"50%","71%","25%","33%",,,"29%","49.9%","46.8%",3.37,1.33,1.4
"2025-01-24","Ninjas in Pyjamas",4,3,1,32.3,65,48,1.35,0.87,,"0.4%",,,,"100%","50%",,,"50%","67%","25%","67%",,,"100%","48.9%","54.2%",3.12,1.18,1.45
"2025-01-24","Oh My God",8,2,6,30.8,91,128,0.71,0.89,,"-9.9%",,,,"25%","50%",,,"50%","54%","38%","43%",,,"57%","48.5%","47.0%",3.31,1.24,1.35
"2025-01-24","Royal Never Give Up",4,3,1,35.4,60,42,1.43,0.72,,"4.3%",,,,"75%","100%",,,"50%","54%","25%","45%",,,"60%","50.2%","53.2%",3.3,1.31,1.59
"2025-01-24","Team WE",6,0,6,32.1,57,117,0.49,0.9,,"-11.3%",,,,"50%","50%",,,"33%","47%","33%","26%",,,"29%","48.5%","45.8%",3.43,1.45,1.38
"2025-01-24","ThunderTalk Gaming",8,6,2,33.3,135,103,1.31,0.89,,"5.9%",,,,"63%","50%",,,"63%","50%","63%","66%",,,"75%","50.3%","53.3%",3.43,1.51,1.6
"2025-01-24","Top Esports",7,4,3,35.8,104,117,0.89,0.88,,"0.3%",,,,"29%","57%",,,"43%","43%","29%","33%",,,"30%","50.9%","52.9%",3.32,1.31,1.61
"2025-01-24","Ultra Prime",7,1,6,31.6,73,124,0.59,0.89,,"-9.9%",,,,"43%","43%",,,"29%","31%","29%","43%",,,"71%","48.4%","48.6%",3.33,1.52,1.57
"2025-01-24","Weibo Gaming",7,6,1,31.6,123,87,1.41,0.94,,"10.7%",,,,"71%","71%",,,"71%","57%","57%","54%",,,"67%","51.3%","53.3%",3.4,1.28,1.66
"2025-01-25","Anyone's Legend",7,6,1,36.6,158,96,1.65,0.99,,"7.5%",,,,"71%","43%",,,"57%","48%","86%","67%",,,"82%","50.8%","51.1%",3.44,1.36,1.66
"2025-01-25","Bilibili Gaming",6,6,0,31.4,109,44,2.48,0.81,,"9.8%",,,,"50%","83%",,,"33%","56%","50%","80%",,,"80%","51.6%","52.1%",3.38,1.31,1.81
"2025-01-25","EDward Gaming",7,1,6,32.5,80,128,0.63,0.91,,"-6.6%",,,,"57%","29%",,,"43%","45%","43%","29%",,,"25%","48.9%","46.8%",3.43,1.39,1.38
"2025-01-25","FunPlus Phoenix",4,1,3,35.4,42,60,0.7,0.72,,"-4.3%",,,,"25%","0%",,,"50%","46%","75%","55%",,,"40%","49.8%","46.8%",3.31,1.34,1.62
"2025-01-25","Invictus Gaming",8,4,4,33.5,108,108,1,0.81,,"1.9%",,,,"25%","63%",,,"75%","46%","75%","53%",,,"38%","51.0%","48.7%",3.22,1.29,1.66
"2025-01-25","JD Gaming",8,6,2,30.8,128,79,1.62,0.84,,"9.2%",,,,"63%","38%",,,"50%","56%","75%","61%",,,"13%","51.8%","51.4%",3.47,1.24,1.35
"2025-01-25","LGD Gaming",6,3,3,33.1,109,98,1.11,1.04,,"2.3%",,,,"50%","50%",,,"67%","64%","50%","74%",,,"50%","49.5%","49.5%",3.27,1.34,1.63
"2025-01-25","LNG Esports",7,1,6,32.4,67,117,0.57,0.81,,"-8.5%",,,,"29%","43%",,,"57%","50%","43%","28%",,,"22%","49.3%","47.6%",3.33,1.26,1.37
"2025-01-25","Ninjas in Pyjamas",4,3,1,32.3,65,48,1.35,0.87,,"0.4%",,,,"100%","50%",,,"50%","67%","25%","67%",,,"100%","48.9%","54.2%",3.12,1.18,1.45
"2025-01-25","Oh My God",8,2,6,30.8,91,128,0.71,0.89,,"-9.9%",,,,"25%","50%",,,"50%","54%","38%","43%",,,"57%","48.5%","47.0%",3.31,1.24,1.35
"2025-01-25","Royal Never Give Up",8,4,4,35,103,102,1.01,0.73,,"0.1%",,,,"63%","63%",,,"25%","48%","25%","37%",,,"55%","49.7%","50.8%",3.39,1.33,1.49
"2025-01-25","Team WE",6,0,6,32.1,57,117,0.49,0.9,,"-11.3%",,,,"50%","50%",,,"33%","47%","33%","26%",,,"29%","48.5%","45.8%",3.43,1.45,1.38
"2025-01-25","ThunderTalk Gaming",8,6,2,33.3,135,103,1.31,0.89,,"5.9%",,,,"63%","50%",,,"63%","50%","63%","66%",,,"75%","50.3%","53.3%",3.43,1.51,1.6
"2025-01-25","Top Esports",7,4,3,35.8,104,117,0.89,0.88,,"0.3%",,,,"29%","57%",,,"43%","43%","29%","33%",,,"30%","50.9%","52.9%",3.32,1.31,1.61
"2025-01-25","Ultra Prime",7,1,6,31.6,73,124,0.59,0.89,,"-9.9%",,,,"43%","43%",,,"29%","31%","29%","43%",,,"71%","48.4%","48.6%",3.33,1.52,1.57
"2025-01-25","Weibo Gaming",7,6,1,31.6,123,87,1.41,0.94,,"10.7%",,,,"71%","71%",,,"71%","57%","57%","54%",,,"67%","51.3%","53.3%",3.4,1.28,1.66
"2025-02-08","Anyone's Legend",7,6,1,36.6,158,96,1.65,0.99,,"7.5%",,,,"71%","43%",,,"57%","48%","86%","67%",,,"82%","50.8%","51.1%",3.44,1.36,1.66
"2025-02-08","Bilibili Gaming",6,6,0,31.4,109,44,2.48,0.81,,"9.8%",,,,"50%","83%",,,"33%","56%","50%","80%",,,"80%","51.6%","52.1%",3.38,1.31,1.81
"2025-02-08","EDward Gaming",7,1,6,32.5,80,128,0.63,0.91,,"-6.6%",,,,"57%","29%",,,"43%","45%","43%","29%",,,"25%","48.9%","46.8%",3.43,1.39,1.38
"2025-02-08","FunPlus Phoenix",7,1,6,33.7,66,118,0.56,0.78,,"-9.7%",,,,"14%","29%",,,"43%","43%","71%","42%",,,"29%","50.2%","44.5%",3.17,1.28,1.49
"2025-02-08","Invictus Gaming",8,4,4,33.5,108,108,1,0.81,,"1.9%",,,,"25%","63%",,,"75%","46%","75%","53%",,,"38%","51.0%","48.7%",3.22,1.29,1.66
"2025-02-08","JD Gaming",8,6,2,30.8,128,79,1.62,0.84,,"9.2%",,,,"63%","38%",,,"50%","56%","75%","61%",,,"13%","51.8%","51.4%",3.47,1.24,1.35
"2025-02-08","LGD Gaming",6,3,3,33.1,109,98,1.11,1.04,,"2.3%",,,,"50%","50%",,,"67%","64%","50%","74%",,,"50%","49.5%","49.5%",3.27,1.34,1.63
"2025-02-08","LNG Esports",7,1,6,32.4,67,117,0.57,0.81,,"-8.5%",,,,"29%","43%",,,"57%","50%","43%","28%",,,"22%","49.3%","47.6%",3.33,1.26,1.37
"2025-02-08","Ninjas in Pyjamas",7,6,1,31.9,123,72,1.71,0.87,,"7.4%",,,,"100%","43%",,,"57%","64%","29%","71%",,,"100%","49.1%","56.1%",3.07,1.15,1.48
"2025-02-08","Oh My God",8,2,6,30.8,91,128,0.71,0.89,,"-9.9%",,,,"25%","50%",,,"50%","54%","38%","43%",,,"57%","48.5%","47.0%",3.31,1.24,1.35
"2025-02-08","Royal Never Give Up",8,4,4,35,103,102,1.01,0.73,,"0.1%",,,,"63%","63%",,,"25%","48%","25%","37%",,,"55%","49.7%","50.8%",3.39,1.33,1.49
"2025-02-08","Team WE",6,0,6,32.1,57,117,0.49,0.9,,"-11.3%",,,,"50%","50%",,,"33%","47%","33%","26%",,,"29%","48.5%","45.8%",3.43,1.45,1.38
"2025-02-08","ThunderTalk Gaming",8,6,2,33.3,135,103,1.31,0.89,,"5.9%",,,,"63%","50%",,,"63%","50%","63%","66%",,,"75%","50.3%","53.3%",3.43,1.51,1.6
"2025-02-08","Top Esports",7,4,3,35.8,104,117,0.89,0.88,,"0.3%",,,,"29%","57%",,,"43%","43%","29%","33%",,,"30%","50.9%","52.9%",3.32,1.31,1.61
"2025-02-08","Ultra Prime",7,1,6,31.6,73,124,0.59,0.89,,"-9.9%",,,,"43%","43%",,,"29%","31%","29%","43%",,,"71%","48.4%","48.6%",3.33,1.52,1.57
"2025-02-08","Weibo Gaming",7,6,1,31.6,123,87,1.41,0.94,,"10.7%",,,,"71%","71%",,,"71%","57%","57%","54%",,,"67%","51.3%","53.3%",3.4,1.28,1.66
"2025-02-09","Anyone's Legend",7,6,1,36.6,158,96,1.65,0.99,,"7.5%",,,,"71%","43%",,,"57%","48%","86%","67%",,,"82%","50.8%","51.1%",3.44,1.36,1.66
"2025-02-09","Bilibili Gaming",6,6,0,31.4,109,44,2.48,0.81,,"9.8%",,,,"50%","83%",,,"33%","56%","50%","80%",,,"80%","51.6%","52.1%",3.38,1.31,1.81
"2025-02-09","EDward Gaming",7,1,6,32.5,80,128,0.63,0.91,,"-6.6%",,,,"57%","29%",,,"43%","45%","43%","29%",,,"25%","48.9%","46.8%",3.43,1.39,1.38
"2025-02-09","FunPlus Phoenix",7,1,6,33.7,66,118,0.56,0.78,,"-9.7%",,,,"14%","29%",,,"43%","43%","71%","42%",,,"29%","50.2%","44.5%",3.17,1.28,1.49
"2025-02-09","Invictus Gaming",8,4,4,33.5,108,108,1,0.81,,"1.9%",,,,"25%","63%",,,"75%","46%","75%","53%",,,"38%","51.0%","48.7%",3.22,1.29,1.66
"2025-02-09","JD Gaming",13,9,4,32.7,215,155,1.39,0.87,,"7.6%",,,,"62%","54%",,,"54%","56%","54%","48%",,,"33%","51.0%","52.3%",3.66,1.3,1.41
"2025-02-09","LGD Gaming",6,3,3,33.1,109,98,1.11,1.04,,"2.3%",,,,"50%","50%",,,"67%","64%","50%","74%",,,"50%","49.5%","49.5%",3.27,1.34,1.63
"2025-02-09","LNG Esports",7,1,6,32.4,67,117,0.57,0.81,,"-8.5%",,,,"29%","43%",,,"57%","50%","43%","28%",,,"22%","49.3%","47.6%",3.33,1.26,1.37
"2025-02-09","Ninjas in Pyjamas",7,6,1,31.9,123,72,1.71,0.87,,"7.4%",,,,"100%","43%",,,"57%","64%","29%","71%",,,"100%","49.1%","56.1%",3.07,1.15,1.48
"2025-02-09","Oh My God",8,2,6,30.8,91,128,0.71,0.89,,"-9.9%",,,,"25%","50%",,,"50%","54%","38%","43%",,,"57%","48.5%","47.0%",3.31,1.24,1.35
"2025-02-09","Royal Never Give Up",8,4,4,35,103,102,1.01,0.73,,"0.1%",,,,"63%","63%",,,"25%","48%","25%","37%",,,"55%","49.7%","50.8%",3.39,1.33,1.49
"2025-02-09","Team WE",6,0,6,32.1,57,117,0.49,0.9,,"-11.3%",,,,"50%","50%",,,"33%","47%","33%","26%",,,"29%","48.5%","45.8%",3.43,1.45,1.38
"2025-02-09","ThunderTalk Gaming",8,6,2,33.3,135,103,1.31,0.89,,"5.9%",,,,"63%","50%",,,"63%","50%","63%","66%",,,"75%","50.3%","53.3%",3.43,1.51,1.6
"2025-02-09","Top Esports",7,4,3,35.8,104,117,0.89,0.88,,"0.3%",,,,"29%","57%",,,"43%","43%","29%","33%",,,"30%","50.9%","52.9%",3.32,1.31,1.61
"2025-02-09","Ultra Prime",7,1,6,31.6,73,124,0.59,0.89,,"-9.9%",,,,"43%","43%",,,"29%","31%","29%","43%",,,"71%","48.4%","48.6%",3.33,1.52,1.57
"2025-02-09","Weibo Gaming",12,8,4,33.3,198,176,1.13,0.93,,"4.2%",,,,"58%","50%",,,"58%","51%","67%","60%",,,"54%","50.8%","50.4%",3.45,1.29,1.76
"2025-02-10","Anyone's Legend",11,9,2,35.4,226,148,1.53,0.96,,"6.2%",,,,"82%","64%",,,"64%","47%","64%","62%",,,"79%","50.7%","51.2%",3.42,1.35,1.76
"2025-02-10","Bilibili Gaming",6,6,0,31.4,109,44,2.48,0.81,,"9.8%",,,,"50%","83%",,,"33%","56%","50%","80%",,,"80%","51.6%","52.1%",3.38,1.31,1.81
"2025-02-10","EDward Gaming",7,1,6,32.5,80,128,0.63,0.91,,"-6.6%",,,,"57%","29%",,,"43%","45%","43%","29%",,,"25%","48.9%","46.8%",3.43,1.39,1.38
"2025-02-10","FunPlus Phoenix",7,1,6,33.7,66,118,0.56,0.78,,"-9.7%",,,,"14%","29%",,,"43%","43%","71%","42%",,,"29%","50.2%","44.5%",3.17,1.28,1.49
"2025-02-10","Invictus Gaming",8,4,4,33.5,108,108,1,0.81,,"1.9%",,,,"25%","63%",,,"75%","46%","75%","53%",,,"38%","51.0%","48.7%",3.22,1.29,1.66
"2025-02-10","JD Gaming",13,9,4,32.7,215,155,1.39,0.87,,"7.6%",,,,"62%","54%",,,"54%","56%","54%","48%",,,"33%","51.0%","52.3%",3.66,1.3,1.41
"2025-02-10","LGD Gaming",6,3,3,33.1,109,98,1.11,1.04,,"2.3%",,,,"50%","50%",,,"67%","64%","50%","74%",,,"50%","49.5%","49.5%",3.27,1.34,1.63
"2025-02-10","LNG Esports",7,1,6,32.4,67,117,0.57,0.81,,"-8.5%",,,,"29%","43%",,,"57%","50%","43%","28%",,,"22%","49.3%","47.6%",3.33,1.26,1.37
"2025-02-10","Ninjas in Pyjamas",7,6,1,31.9,123,72,1.71,0.87,,"7.4%",,,,"100%","43%",,,"57%","64%","29%","71%",,,"100%","49.1%","56.1%",3.07,1.15,1.48
"2025-02-10","Oh My God",8,2,6,30.8,91,128,0.71,0.89,,"-9.9%",,,,"25%","50%",,,"50%","54%","38%","43%",,,"57%","48.5%","47.0%",3.31,1.24,1.35
"2025-02-10","Royal Never Give Up",8,4,4,35,103,102,1.01,0.73,,"0.1%",,,,"63%","63%",,,"25%","48%","25%","37%",,,"55%","49.7%","50.8%",3.39,1.33,1.49
"2025-02-10","Team WE",10,1,9,32.7,109,185,0.59,0.9,,"-8.3%",,,,"30%","30%",,,"30%","50%","50%","35%",,,"30%","48.9%","46.9%",3.5,1.41,1.47
"2025-02-10","ThunderTalk Gaming",8,6,2,33.3,135,103,1.31,0.89,,"5.9%",,,,"63%","50%",,,"63%","50%","63%","66%",,,"75%","50.3%","53.3%",3.43,1.51,1.6
"2025-02-10","Top Esports",7,4,3,35.8,104,117,0.89,0.88,,"0.3%",,,,"29%","57%",,,"43%","43%","29%","33%",,,"30%","50.9%","52.9%",3.32,1.31,1.61
"2025-02-10","Ultra Prime",7,1,6,31.6,73,124,0.59,0.89,,"-9.9%",,,,"43%","43%",,,"29%","31%","29%","43%",,,"71%","48.4%","48.6%",3.33,1.52,1.57
"2025-02-10","Weibo Gaming",12,8,4,33.3,198,176,1.13,0.93,,"4.2%",,,,"58%","50%",,,"58%","51%","67%","60%",,,"54%","50.8%","50.4%",3.45,1.29,1.76
"2025-02-11","Anyone's Legend",11,9,2,35.4,226,148,1.53,0.96,,"6.2%",,,,"82%","64%",,,"64%","47%","64%","62%",,,"79%","50.7%","51.2%",3.42,1.35,1.76
"2025-02-11","Bilibili Gaming",6,6,0,31.4,109,44,2.48,0.81,,"9.8%",,,,"50%","83%",,,"33%","56%","50%","80%",,,"80%","51.6%","52.1%",3.38,1.31,1.81
"2025-02-11","EDward Gaming",10,4,6,33.1,122,143,0.85,0.8,,"-2.4%",,,,"40%","30%",,,"50%","52%","40%","43%",,,"46%","49.5%","47.8%",3.49,1.36,1.43
"2025-02-11","FunPlus Phoenix",7,1,6,33.7,66,118,0.56,0.78,,"-9.7%",,,,"14%","29%",,,"43%","43%","71%","42%",,,"29%","50.2%","44.5%",3.17,1.28,1.49
"2025-02-11","Invictus Gaming",8,4,4,33.5,108,108,1,0.81,,"1.9%",,,,"25%","63%",,,"75%","46%","75%","53%",,,"38%","51.0%","48.7%",3.22,1.29,1.66
"2025-02-11","JD Gaming",13,9,4,32.7,215,155,1.39,0.87,,"7.6%",,,,"62%","54%",,,"54%","56%","54%","48%",,,"33%","51.0%","52.3%",3.66,1.3,1.41
"2025-02-11","LGD Gaming",6,3,3,33.1,109,98,1.11,1.04,,"2.3%",,,,"50%","50%",,,"67%","64%","50%","74%",,,"50%","49.5%","49.5%",3.27,1.34,1.63
"2025-02-11","LNG Esports",10,1,9,33.1,82,159,0.52,0.73,,"-8.2%",,,,"50%","50%",,,"50%","45%","50%","26%",,,"21%","49.3%","48.3%",3.26,1.24,1.47
"2025-02-11","Ninjas in Pyjamas",7,6,1,31.9,123,72,1.71,0.87,,"7.4%",,,,"100%","43%",,,"57%","64%","29%","71%",,,"100%","49.1%","56.1%",3.07,1.15,1.48
"2025-02-11","Oh My God",8,2,6,30.8,91,128,0.71,0.89,,"-9.9%",,,,"25%","50%",,,"50%","54%","38%","43%",,,"57%","48.5%","47.0%",3.31,1.24,1.35
"2025-02-11","Royal Never Give Up",8,4,4,35,103,102,1.01,0.73,,"0.1%",,,,"63%","63%",,,"25%","48%","25%","37%",,,"55%","49.7%","50.8%",3.39,1.33,1.49
"2025-02-11","Team WE",10,1,9,32.7,109,185,0.59,0.9,,"-8.3%",,,,"30%","30%",,,"30%","50%","50%","35%",,,"30%","48.9%","46.9%",3.5,1.41,1.47
"2025-02-11","ThunderTalk Gaming",8,6,2,33.3,135,103,1.31,0.89,,"5.9%",,,,"63%","50%",,,"63%","50%","63%","66%",,,"75%","50.3%","53.3%",3.43,1.51,1.6
"2025-02-11","Top Esports",7,4,3,35.8,104,117,0.89,0.88,,"0.3%",,,,"29%","57%",,,"43%","43%","29%","33%",,,"30%","50.9%","52.9%",3.32,1.31,1.61
"2025-02-11","Ultra Prime",7,1,6,31.6,73,124,0.59,0.89,,"-9.9%",,,,"43%","43%",,,"29%","31%","29%","43%",,,"71%","48.4%","48.6%",3.33,1.52,1.57
"2025-02-11","Weibo Gaming",12,8,4,33.3,198,176,1.13,0.93,,"4.2%",,,,"58%","50%",,,"58%","51%","67%","60%",,,"54%","50.8%","50.4%",3.45,1.29,1.76
"2025-02-12","Anyone's Legend",11,9,2,35.4,226,148,1.53,0.96,,"6.2%",,,,"82%","64%",,,"64%","47%","64%","62%",,,"79%","50.7%","51.2%",3.42,1.35,1.76
"2025-02-12","Bilibili Gaming",6,6,0,31.4,109,44,2.48,0.81,,"9.8%",,,,"50%","83%",,,"33%","56%","50%","80%",,,"80%","51.6%","52.1%",3.38,1.31,1.81
"2025-02-12","EDward Gaming",10,4,6,33.1,122,143,0.85,0.8,,"-2.4%",,,,"40%","30%",,,"50%","52%","40%","43%",,,"46%","49.5%","47.8%",3.49,1.36,1.43
"2025-02-12","FunPlus Phoenix",7,1,6,33.7,66,118,0.56,0.78,,"-9.7%",,,,"14%","29%",,,"43%","43%","71%","42%",,,"29%","50.2%","44.5%",3.17,1.28,1.49
"2025-02-12","Invictus Gaming",8,4,4,33.5,108,108,1,0.81,,"1.9%",,,,"25%","63%",,,"75%","46%","75%","53%",,,"38%","51.0%","48.7%",3.22,1.29,1.66
"2025-02-12","JD Gaming",13,9,4,32.7,215,155,1.39,0.87,,"7.6%",,,,"62%","54%",,,"54%","56%","54%","48%",,,"33%","51.0%","52.3%",3.66,1.3,1.41
"2025-02-12","LGD Gaming",6,3,3,33.1,109,98,1.11,1.04,,"2.3%",,,,"50%","50%",,,"67%","64%","50%","74%",,,"50%","49.5%","49.5%",3.27,1.34,1.63
"2025-02-12","LNG Esports",10,1,9,33.1,82,159,0.52,0.73,,"-8.2%",,,,"50%","50%",,,"50%","45%","50%","26%",,,"21%","49.3%","48.3%",3.26,1.24,1.47
"2025-02-12","Ninjas in Pyjamas",7,6,1,31.9,123,72,1.71,0.87,,"7.4%",,,,"100%","43%",,,"57%","64%","29%","71%",,,"100%","49.1%","56.1%",3.07,1.15,1.48
"2025-02-12","Oh My God",13,5,8,32.9,174,205,0.85,0.89,,"-6.8%",,,,"31%","54%",,,"31%","55%","38%","40%",,,"53%","49.4%","46.7%",3.33,1.25,1.44
"2025-02-12","Royal Never Give Up",8,4,4,35,103,102,1.01,0.73,,"0.1%",,,,"63%","63%",,,"25%","48%","25%","37%",,,"55%","49.7%","50.8%",3.39,1.33,1.49
"2025-02-12","Team WE",10,1,9,32.7,109,185,0.59,0.9,,"-8.3%",,,,"30%","30%",,,"30%","50%","50%","35%",,,"30%","48.9%","46.9%",3.5,1.41,1.47
"2025-02-12","ThunderTalk Gaming",8,6,2,33.3,135,103,1.31,0.89,,"5.9%",,,,"63%","50%",,,"63%","50%","63%","66%",,,"75%","50.3%","53.3%",3.43,1.51,1.6
"2025-02-12","Top Esports",7,4,3,35.8,104,117,0.89,0.88,,"0.3%",,,,"29%","57%",,,"43%","43%","29%","33%",,,"30%","50.9%","52.9%",3.32,1.31,1.61
"2025-02-12","Ultra Prime",12,3,9,33.5,150,207,0.72,0.88,,"-5.0%",,,,"50%","42%",,,"58%","36%","42%","53%",,,"60%","48.7%","50.8%",3.37,1.51,1.52
"2025-02-12","Weibo Gaming",12,8,4,33.3,198,176,1.13,0.93,,"4.2%",,,,"58%","50%",,,"58%","51%","67%","60%",,,"54%","50.8%","50.4%",3.45,1.29,1.76
"2025-02-13","Anyone's Legend",11,9,2,35.4,226,148,1.53,0.96,,"6.2%",,,,"82%","64%",,,"64%","47%","64%","62%",,,"79%","50.7%","51.2%",3.42,1.35,1.76
"2025-02-13","Bilibili Gaming",6,6,0,31.4,109,44,2.48,0.81,,"9.8%",,,,"50%","83%",,,"33%","56%","50%","80%",,,"80%","51.6%","52.1%",3.38,1.31,1.81
"2025-02-13","EDward Gaming",10,4,6,33.1,122,143,0.85,0.8,,"-2.4%",,,,"40%","30%",,,"50%","52%","40%","43%",,,"46%","49.5%","47.8%",3.49,1.36,1.43
"2025-02-13","FunPlus Phoenix",7,1,6,33.7,66,118,0.56,0.78,,"-9.7%",,,,"14%","29%",,,"43%","43%","71%","42%",,,"29%","50.2%","44.5%",3.17,1.28,1.49
"2025-02-13","Invictus Gaming",8,4,4,33.5,108,108,1,0.81,,"1.9%",,,,"25%","63%",,,"75%","46%","75%","53%",,,"38%","51.0%","48.7%",3.22,1.29,1.66
"2025-02-13","JD Gaming",13,9,4,32.7,215,155,1.39,0.87,,"7.6%",,,,"62%","54%",,,"54%","56%","54%","48%",,,"33%","51.0%","52.3%",3.66,1.3,1.41
"2025-02-13","LGD Gaming",6,3,3,33.1,109,98,1.11,1.04,,"2.3%",,,,"50%","50%",,,"67%","64%","50%","74%",,,"50%","49.5%","49.5%",3.27,1.34,1.63
"2025-02-13","LNG Esports",10,1,9,33.1,82,159,0.52,0.73,,"-8.2%",,,,"50%","50%",,,"50%","45%","50%","26%",,,"21%","49.3%","48.3%",3.26,1.24,1.47
"2025-02-13","Ninjas in Pyjamas",10,9,1,32.1,182,98,1.86,0.87,,"8.3%",,,,"90%","60%",,,"70%","68%","30%","71%",,,"100%","49.2%","56.6%",3.07,1.13,1.49
"2025-02-13","Oh My God",13,5,8,32.9,174,205,0.85,0.89,,"-6.8%",,,,"31%","54%",,,"31%","55%","38%","40%",,,"53%","49.4%","46.7%",3.33,1.25,1.44
"2025-02-13","Royal Never Give Up",11,4,7,34.4,129,161,0.8,0.77,,"-2.7%",,,,"55%","45%",,,"18%","41%","36%","35%",,,"40%","49.9%","48.5%",3.32,1.29,1.48
"2025-02-13","Team WE",10,1,9,32.7,109,185,0.59,0.9,,"-8.3%",,,,"30%","30%",,,"30%","50%","50%","35%",,,"30%","48.9%","46.9%",3.5,1.41,1.47
"2025-02-13","ThunderTalk Gaming",8,6,2,33.3,135,103,1.31,0.89,,"5.9%",,,,"63%","50%",,,"63%","50%","63%","66%",,,"75%","50.3%","53.3%",3.43,1.51,1.6
"2025-02-13","Top Esports",7,4,3,35.8,104,117,0.89,0.88,,"0.3%",,,,"29%","57%",,,"43%","43%","29%","33%",,,"30%","50.9%","52.9%",3.32,1.31,1.61
"2025-02-13","Ultra Prime",12,3,9,33.5,150,207,0.72,0.88,,"-5.0%",,,,"50%","42%",,,"58%","36%","42%","53%",,,"60%","48.7%","50.8%",3.37,1.51,1.52
"2025-02-13","Weibo Gaming",12,8,4,33.3,198,176,1.13,0.93,,"4.2%",,,,"58%","50%",,,"58%","51%","67%","60%",,,"54%","50.8%","50.4%",3.45,1.29,1.76
"2025-02-14","Anyone's Legend",11,9,2,35.4,226,148,1.53,0.96,,"6.2%",,,,"82%","64%",,,"64%","47%","64%","62%",,,"79%","50.7%","51.2%",3.42,1.35,1.76
"2025-02-14","Bilibili Gaming",11,8,3,30.4,174,133,1.31,0.91,,"3.5%",,,,"45%","82%",,,"18%","44%","55%","61%",,,"67%","51.5%","48.8%",3.29,1.26,1.61
"2025-02-14","EDward Gaming",10,4,6,33.1,122,143,0.85,0.8,,"-2.4%",,,,"40%","30%",,,"50%","52%","40%","43%",,,"46%","49.5%","47.8%",3.49,1.36,1.43
"2025-02-14","FunPlus Phoenix",7,1,6,33.7,66,118,0.56,0.78,,"-9.7%",,,,"14%","29%",,,"43%","43%","71%","42%",,,"29%","50.2%","44.5%",3.17,1.28,1.49
"2025-02-14","Invictus Gaming",8,4,4,33.5,108,108,1,0.81,,"1.9%",,,,"25%","63%",,,"75%","46%","75%","53%",,,"38%","51.0%","48.7%",3.22,1.29,1.66
"2025-02-14","JD Gaming",13,9,4,32.7,215,155,1.39,0.87,,"7.6%",,,,"62%","54%",,,"54%","56%","54%","48%",,,"33%","51.0%","52.3%",3.66,1.3,1.41
"2025-02-14","LGD Gaming",6,3,3,33.1,109,98,1.11,1.04,,"2.3%",,,,"50%","50%",,,"67%","64%","50%","74%",,,"50%","49.5%","49.5%",3.27,1.34,1.63
"2025-02-14","LNG Esports",10,1,9,33.1,82,159,0.52,0.73,,"-8.2%",,,,"50%","50%",,,"50%","45%","50%","26%",,,"21%","49.3%","48.3%",3.26,1.24,1.47
"2025-02-14","Ninjas in Pyjamas",10,9,1,32.1,182,98,1.86,0.87,,"8.3%",,,,"90%","60%",,,"70%","68%","30%","71%",,,"100%","49.2%","56.6%",3.07,1.13,1.49
"2025-02-14","Oh My God",13,5,8,32.9,174,205,0.85,0.89,,"-6.8%",,,,"31%","54%",,,"31%","55%","38%","40%",,,"53%","49.4%","46.7%",3.33,1.25,1.44
"2025-02-14","Royal Never Give Up",11,4,7,34.4,129,161,0.8,0.77,,"-2.7%",,,,"55%","45%",,,"18%","41%","36%","35%",,,"40%","49.9%","48.5%",3.32,1.29,1.48
"2025-02-14","Team WE",10,1,9,32.7,109,185,0.59,0.9,,"-8.3%",,,,"30%","30%",,,"30%","50%","50%","35%",,,"30%","48.9%","46.9%",3.5,1.41,1.47
"2025-02-14","ThunderTalk Gaming",13,9,4,31.7,223,169,1.32,0.95,,"5.2%",,,,"62%","38%",,,"77%","58%","54%","65%",,,"69%","49.7%","54.0%",3.29,1.41,1.46
"2025-02-14","Top Esports",7,4,3,35.8,104,117,0.89,0.88,,"0.3%",,,,"29%","57%",,,"43%","43%","29%","33%",,,"30%","50.9%","52.9%",3.32,1.31,1.61
"2025-02-14","Ultra Prime",12,3,9,33.5,150,207,0.72,0.88,,"-5.0%",,,,"50%","42%",,,"58%","36%","42%","53%",,,"60%","48.7%","50.8%",3.37,1.51,1.52
"2025-02-14","Weibo Gaming",12,8,4,33.3,198,176,1.13,0.93,,"4.2%",,,,"58%","50%",,,"58%","51%","67%","60%",,,"54%","50.8%","50.4%",3.45,1.29,1.76
"2025-02-15","Anyone's Legend",11,9,2,35.4,226,148,1.53,0.96,,"6.2%",,,,"82%","64%",,,"64%","47%","64%","62%",,,"79%","50.7%","51.2%",3.42,1.35,1.76
"2025-02-15","Bilibili Gaming",11,8,3,30.4,174,133,1.31,0.91,,"3.5%",,,,"45%","82%",,,"18%","44%","55%","61%",,,"67%","51.5%","48.8%",3.29,1.26,1.61
"2025-02-15","EDward Gaming",10,4,6,33.1,122,143,0.85,0.8,,"-2.4%",,,,"40%","30%",,,"50%","52%","40%","43%",,,"46%","49.5%","47.8%",3.49,1.36,1.43
"2025-02-15","FunPlus Phoenix",10,1,9,32,97,186,0.52,0.88,,"-11.2%",,,,"30%","20%",,,"60%","42%","70%","37%",,,"22%","49.6%","45.5%",3.11,1.27,1.4
"2025-02-15","Invictus Gaming",11,7,4,32,176,139,1.27,0.89,,"5.4%",,,,"27%","73%",,,"55%","50%","64%","59%",,,"50%","51.2%","49.6%",3.23,1.24,1.57
"2025-02-15","JD Gaming",13,9,4,32.7,215,155,1.39,0.87,,"7.6%",,,,"62%","54%",,,"54%","56%","54%","48%",,,"33%","51.0%","52.3%",3.66,1.3,1.41
"2025-02-15","LGD Gaming",6,3,3,33.1,109,98,1.11,1.04,,"2.3%",,,,"50%","50%",,,"67%","64%","50%","74%",,,"50%","49.5%","49.5%",3.27,1.34,1.63
"2025-02-15","LNG Esports",10,1,9,33.1,82,159,0.52,0.73,,"-8.2%",,,,"50%","50%",,,"50%","45%","50%","26%",,,"21%","49.3%","48.3%",3.26,1.24,1.47
"2025-02-15","Ninjas in Pyjamas",10,9,1,32.1,182,98,1.86,0.87,,"8.3%",,,,"90%","60%",,,"70%","68%","30%","71%",,,"100%","49.2%","56.6%",3.07,1.13,1.49
"2025-02-15","Oh My God",13,5,8,32.9,174,205,0.85,0.89,,"-6.8%",,,,"31%","54%",,,"31%","55%","38%","40%",,,"53%","49.4%","46.7%",3.33,1.25,1.44
"2025-02-15","Royal Never Give Up",11,4,7,34.4,129,161,0.8,0.77,,"-2.7%",,,,"55%","45%",,,"18%","41%","36%","35%",,,"40%","49.9%","48.5%",3.32,1.29,1.48
"2025-02-15","Team WE",10,1,9,32.7,109,185,0.59,0.9,,"-8.3%",,,,"30%","30%",,,"30%","50%","50%","35%",,,"30%","48.9%","46.9%",3.5,1.41,1.47
"2025-02-15","ThunderTalk Gaming",13,9,4,31.7,223,169,1.32,0.95,,"5.2%",,,,"62%","38%",,,"77%","58%","54%","65%",,,"69%","49.7%","54.0%",3.29,1.41,1.46
"2025-02-15","Top Esports",7,4,3,35.8,104,117,0.89,0.88,,"0.3%",,,,"29%","57%",,,"43%","43%","29%","33%",,,"30%","50.9%","52.9%",3.32,1.31,1.61
"2025-02-15","Ultra Prime",12,3,9,33.5,150,207,0.72,0.88,,"-5.0%",,,,"50%","42%",,,"58%","36%","42%","53%",,,"60%","48.7%","50.8%",3.37,1.51,1.52
"2025-02-15","Weibo Gaming",12,8,4,33.3,198,176,1.13,0.93,,"4.2%",,,,"58%","50%",,,"58%","51%","67%","60%",,,"54%","50.8%","50.4%",3.45,1.29,1.76
"2025-02-16","Anyone's Legend",11,9,2,35.4,226,148,1.53,0.96,,"6.2%",,,,"82%","64%",,,"64%","47%","64%","62%",,,"79%","50.7%","51.2%",3.42,1.35,1.76
"2025-02-16","Bilibili Gaming",11,8,3,30.4,174,133,1.31,0.91,,"3.5%",,,,"45%","82%",,,"18%","44%","55%","61%",,,"67%","51.5%","48.8%",3.29,1.26,1.61
"2025-02-16","EDward Gaming",10,4,6,33.1,122,143,0.85,0.8,,"-2.4%",,,,"40%","30%",,,"50%","52%","40%","43%",,,"46%","49.5%","47.8%",3.49,1.36,1.43
"2025-02-16","FunPlus Phoenix",10,1,9,32,97,186,0.52,0.88,,"-11.2%",,,,"30%","20%",,,"60%","42%","70%","37%",,,"22%","49.6%","45.5%",3.11,1.27,1.4
"2025-02-16","Invictus Gaming",11,7,4,32,176,139,1.27,0.89,,"5.4%",,,,"27%","73%",,,"55%","50%","64%","59%",,,"50%","51.2%","49.6%",3.23,1.24,1.57
"2025-02-16","JD Gaming",13,9,4,32.7,215,155,1.39,0.87,,"7.6%",,,,"62%","54%",,,"54%","56%","54%","48%",,,"33%","51.0%","52.3%",3.66,1.3,1.41
"2025-02-16","LGD Gaming",9,3,6,33.8,152,152,1,1,,"0.9%",,,,"44%","33%",,,"56%","54%","56%","69%",,,"50%","49.3%","48.4%",3.21,1.29,1.53
"2025-02-16","LNG Esports",10,1,9,33.1,82,159,0.52,0.73,,"-8.2%",,,,"50%","50%",,,"50%","45%","50%","26%",,,"21%","49.3%","48.3%",3.26,1.24,1.47
"2025-02-16","Ninjas in Pyjamas",10,9,1,32.1,182,98,1.86,0.87,,"8.3%",,,,"90%","60%",,,"70%","68%","30%","71%",,,"100%","49.2%","56.6%",3.07,1.13,1.49
"2025-02-16","Oh My God",13,5,8,32.9,174,205,0.85,0.89,,"-6.8%",,,,"31%","54%",,,"31%","55%","38%","40%",,,"53%","49.4%","46.7%",3.33,1.25,1.44
"2025-02-16","Royal Never Give Up",11,4,7,34.4,129,161,0.8,0.77,,"-2.7%",,,,"55%","45%",,,"18%","41%","36%","35%",,,"40%","49.9%","48.5%",3.32,1.29,1.48
"2025-02-16","Team WE",10,1,9,32.7,109,185,0.59,0.9,,"-8.3%",,,,"30%","30%",,,"30%","50%","50%","35%",,,"30%","48.9%","46.9%",3.5,1.41,1.47
"2025-02-16","ThunderTalk Gaming",13,9,4,31.7,223,169,1.32,0.95,,"5.2%",,,,"62%","38%",,,"77%","58%","54%","65%",,,"69%","49.7%","54.0%",3.29,1.41,1.46
"2025-02-16","Top Esports",10,7,3,35.6,158,160,0.99,0.89,,"0.8%",,,,"40%","70%",,,"50%","50%","30%","35%",,,"33%","51.0%","53.2%",3.3,1.29,1.61
"2025-02-16","Ultra Prime",12,3,9,33.5,150,207,0.72,0.88,,"-5.0%",,,,"50%","42%",,,"58%","36%","42%","53%",,,"60%","48.7%","50.8%",3.37,1.51,1.52
"2025-02-16","Weibo Gaming",12,8,4,33.3,198,176,1.13,0.93,,"4.2%",,,,"58%","50%",,,"58%","51%","67%","60%",,,"54%","50.8%","50.4%",3.45,1.29,1.76
"2025-02-22","Anyone's Legend",5,3,2,29,77,52,1.48,0.89,,"5.9%",,,,"40%","60%",,,"80%","47%","40%","63%",,,"50%","50.7%","49.9%",3.26,1.43,1.4
"2025-02-22","JD Gaming",4,3,1,30.5,52,44,1.18,0.79,,"7.0%",,,,"25%","50%",,,"50%","33%","50%","53%",,,"75%","52.0%","53.7%",3.56,1.34,1.47
"2025-02-22","Ninjas in Pyjamas",5,2,3,29,52,77,0.68,0.89,,"-5.9%",,,,"60%","40%",,,"20%","53%","60%","38%",,,"50%","49.3%","50.1%",2.82,0.94,1.34
"2025-02-22","ThunderTalk Gaming",4,1,3,30.5,44,52,0.85,0.79,,"-7.0%",,,,"75%","50%",,,"50%","67%","50%","47%",,,"25%","48.0%","46.3%",3.35,1.35,1.33
"2025-02-23","Anyone's Legend",5,3,2,29,77,52,1.48,0.89,,"5.9%",,,,"40%","60%",,,"80%","47%","40%","63%",,,"50%","50.7%","49.9%",3.26,1.43,1.4
"2025-02-23","Bilibili Gaming",4,3,1,31.9,65,46,1.41,0.87,,"3.3%",,,,"75%","25%",,,"25%","33%","100%","56%",,,"75%","51.6%","51.5%",3.37,1.33,1.63
"2025-02-23","Invictus Gaming",4,1,3,36.4,67,71,0.94,0.95,,"1.1%",,,,"75%","0%",,,"100%","42%","100%","44%",,,"60%","49.1%","48.1%",2.96,1.1,1.76
"2025-02-23","JD Gaming",4,3,1,30.5,52,44,1.18,0.79,,"7.0%",,,,"25%","50%",,,"50%","33%","50%","53%",,,"75%","52.0%","53.7%",3.56,1.34,1.47
"2025-02-23","Ninjas in Pyjamas",5,2,3,29,52,77,0.68,0.89,,"-5.9%",,,,"60%","40%",,,"20%","53%","60%","38%",,,"50%","49.3%","50.1%",2.82,0.94,1.34
"2025-02-23","ThunderTalk Gaming",4,1,3,30.5,44,52,0.85,0.79,,"-7.0%",,,,"75%","50%",,,"50%","67%","50%","47%",,,"25%","48.0%","46.3%",3.35,1.35,1.33
"2025-02-23","Top Esports",4,3,1,36.4,71,67,1.06,0.95,,"-1.1%",,,,"25%","100%",,,"0%","58%","0%","56%",,,"40%","50.9%","51.9%",3.49,1.48,1.49
"2025-02-23","Weibo Gaming",4,1,3,31.9,46,65,0.71,0.87,,"-3.3%",,,,"25%","75%",,,"75%","67%","0%","44%",,,"25%","48.4%","48.5%",3.54,1.34,1.24
"2025-02-24","Anyone's Legend",5,3,2,29,77,52,1.48,0.89,,"5.9%",,,,"40%","60%",,,"80%","47%","40%","63%",,,"50%","50.7%","49.9%",3.26,1.43,1.4
"2025-02-24","Bilibili Gaming",8,6,2,31,155,89,1.74,0.98,,"7.4%",,,,"63%","63%",,,"25%","48%","75%","63%",,,"75%","51.1%","51.9%",3.42,1.22,1.47
"2025-02-24","Invictus Gaming",4,1,3,36.4,67,71,0.94,0.95,,"1.1%",,,,"75%","0%",,,"100%","42%","100%","44%",,,"60%","49.1%","48.1%",2.96,1.1,1.76
"2025-02-24","JD Gaming",4,3,1,30.5,52,44,1.18,0.79,,"7.0%",,,,"25%","50%",,,"50%","33%","50%","53%",,,"75%","52.0%","53.7%",3.56,1.34,1.47
"2025-02-24","Ninjas in Pyjamas",9,3,6,31.3,109,148,0.74,0.91,,"-3.9%",,,,"56%","44%",,,"33%","50%","67%","47%",,,"63%","49.3%","49.4%",2.84,0.98,1.35
"2025-02-24","ThunderTalk Gaming",8,2,6,30.3,87,142,0.61,0.94,,"-9.2%",,,,"63%","25%",,,"63%","52%","50%","38%",,,"25%","48.7%","47.0%",3.26,1.3,1.31
"2025-02-24","Top Esports",8,6,2,35.3,140,124,1.13,0.94,,"0.1%",,,,"38%","75%",,,"25%","56%","13%","50%",,,"36%","50.9%","51.7%",3.53,1.44,1.49
"2025-02-24","Weibo Gaming",4,1,3,31.9,46,65,0.71,0.87,,"-3.3%",,,,"25%","75%",,,"75%","67%","0%","44%",,,"25%","48.4%","48.5%",3.54,1.34,1.24
"2025-02-25","Anyone's Legend",10,6,4,32.7,151,112,1.35,0.8,,"1.1%",,,,"40%","50%",,,"40%","53%","40%","54%",,,"64%","50.1%","48.1%",3.34,1.39,1.49
"2025-02-25","Bilibili Gaming",8,6,2,31,155,89,1.74,0.98,,"7.4%",,,,"63%","63%",,,"25%","48%","75%","63%",,,"75%","51.1%","51.9%",3.42,1.22,1.47
"2025-02-25","Invictus Gaming",4,1,3,36.4,67,71,0.94,0.95,,"1.1%",,,,"75%","0%",,,"100%","42%","100%","44%",,,"60%","49.1%","48.1%",2.96,1.1,1.76
"2025-02-25","JD Gaming",9,5,4,33.8,112,118,0.95,0.76,,"5.1%",,,,"44%","56%",,,"78%","37%","56%","53%",,,"46%","51.2%","53.8%",3.69,1.38,1.5
"2025-02-25","Ninjas in Pyjamas",9,3,6,31.3,109,148,0.74,0.91,,"-3.9%",,,,"56%","44%",,,"33%","50%","67%","47%",,,"63%","49.3%","49.4%",2.84,0.98,1.35
"2025-02-25","ThunderTalk Gaming",8,2,6,30.3,87,142,0.61,0.94,,"-9.2%",,,,"63%","25%",,,"63%","52%","50%","38%",,,"25%","48.7%","47.0%",3.26,1.3,1.31
"2025-02-25","Top Esports",8,6,2,35.3,140,124,1.13,0.94,,"0.1%",,,,"38%","75%",,,"25%","56%","13%","50%",,,"36%","50.9%","51.7%",3.53,1.44,1.49
"2025-02-25","Weibo Gaming",4,1,3,31.9,46,65,0.71,0.87,,"-3.3%",,,,"25%","75%",,,"75%","67%","0%","44%",,,"25%","48.4%","48.5%",3.54,1.34,1.24
"2025-02-26","Anyone's Legend",10,6,4,32.7,151,112,1.35,0.8,,"1.1%",,,,"40%","50%",,,"40%","53%","40%","54%",,,"64%","50.1%","48.1%",3.34,1.39,1.49
"2025-02-26","Bilibili Gaming",12,7,5,31.4,207,149,1.39,0.94,,"4.8%",,,,"50%","67%",,,"33%","53%","67%","54%",,,"75%","50.5%","51.8%",3.37,1.23,1.42
"2025-02-26","Invictus Gaming",4,1,3,36.4,67,71,0.94,0.95,,"1.1%",,,,"75%","0%",,,"100%","42%","100%","44%",,,"60%","49.1%","48.1%",2.96,1.1,1.76
"2025-02-26","JD Gaming",9,5,4,33.8,112,118,0.95,0.76,,"5.1%",,,,"44%","56%",,,"78%","37%","56%","53%",,,"46%","51.2%","53.8%",3.69,1.38,1.5
"2025-02-26","Ninjas in Pyjamas",9,3,6,31.3,109,148,0.74,0.91,,"-3.9%",,,,"56%","44%",,,"33%","50%","67%","47%",,,"63%","49.3%","49.4%",2.84,0.98,1.35
"2025-02-26","ThunderTalk Gaming",8,2,6,30.3,87,142,0.61,0.94,,"-9.2%",,,,"63%","25%",,,"63%","52%","50%","38%",,,"25%","48.7%","47.0%",3.26,1.3,1.31
"2025-02-26","Top Esports",12,9,3,34.2,200,177,1.13,0.92,,"0.2%",,,,"42%","58%",,,"33%","50%","25%","55%",,,"33%","50.8%","50.6%",3.41,1.4,1.52
"2025-02-26","Weibo Gaming",4,1,3,31.9,46,65,0.71,0.87,,"-3.3%",,,,"25%","75%",,,"75%","67%","0%","44%",,,"25%","48.4%","48.5%",3.54,1.34,1.24
"2025-02-27","Anyone's Legend",10,6,4,32.7,151,112,1.35,0.8,,"1.1%",,,,"40%","50%",,,"40%","53%","40%","54%",,,"64%","50.1%","48.1%",3.34,1.39,1.49
"2025-02-27","Bilibili Gaming",12,7,5,31.4,207,149,1.39,0.94,,"4.8%",,,,"50%","67%",,,"33%","53%","67%","54%",,,"75%","50.5%","51.8%",3.37,1.23,1.42
"2025-02-27","Invictus Gaming",4,1,3,36.4,67,71,0.94,0.95,,"1.1%",,,,"75%","0%",,,"100%","42%","100%","44%",,,"60%","49.1%","48.1%",2.96,1.1,1.76
"2025-02-27","JD Gaming",13,6,7,33.5,143,180,0.79,0.74,,"1.2%",,,,"31%","54%",,,"69%","38%","38%","45%",,,"47%","50.7%","52.1%",3.65,1.33,1.46
"2025-02-27","Ninjas in Pyjamas",9,3,6,31.3,109,148,0.74,0.91,,"-3.9%",,,,"56%","44%",,,"33%","50%","67%","47%",,,"63%","49.3%","49.4%",2.84,0.98,1.35
"2025-02-27","ThunderTalk Gaming",8,2,6,30.3,87,142,0.61,0.94,,"-9.2%",,,,"63%","25%",,,"63%","52%","50%","38%",,,"25%","48.7%","47.0%",3.26,1.3,1.31
"2025-02-27","Top Esports",16,12,4,33.9,262,208,1.26,0.86,,"2.0%",,,,"56%","56%",,,"38%","52%","44%","59%",,,"37%","50.7%","50.9%",3.41,1.39,1.57
"2025-02-27","Weibo Gaming",4,1,3,31.9,46,65,0.71,0.87,,"-3.3%",,,,"25%","75%",,,"75%","67%","0%","44%",,,"25%","48.4%","48.5%",3.54,1.34,1.24
"2025-03-01","Anyone's Legend",14,7,7,32.4,212,191,1.11,0.89,,"-1.7%",,,,"50%","64%",,,"36%","54%","50%","52%",,,"53%","49.9%","47.9%",3.38,1.38,1.48
"2025-03-01","Bilibili Gaming",12,7,5,31.4,207,149,1.39,0.94,,"4.8%",,,,"50%","67%",,,"33%","53%","67%","54%",,,"75%","50.5%","51.8%",3.37,1.23,1.42
"2025-03-01","Invictus Gaming",4,1,3,36.4,67,71,0.94,0.95,,"1.1%",,,,"75%","0%",,,"100%","42%","100%","44%",,,"60%","49.1%","48.1%",2.96,1.1,1.76
"2025-03-01","JD Gaming",13,6,7,33.5,143,180,0.79,0.74,,"1.2%",,,,"31%","54%",,,"69%","38%","38%","45%",,,"47%","50.7%","52.1%",3.65,1.33,1.46
"2025-03-01","Ninjas in Pyjamas",9,3,6,31.3,109,148,0.74,0.91,,"-3.9%",,,,"56%","44%",,,"33%","50%","67%","47%",,,"63%","49.3%","49.4%",2.84,0.98,1.35
"2025-03-01","ThunderTalk Gaming",8,2,6,30.3,87,142,0.61,0.94,,"-9.2%",,,,"63%","25%",,,"63%","52%","50%","38%",,,"25%","48.7%","47.0%",3.26,1.3,1.31
"2025-03-01","Top Esports",20,15,5,33.5,341,269,1.27,0.91,,"3.4%",,,,"50%","45%",,,"45%","51%","40%","58%",,,"43%","50.7%","51.2%",3.45,1.41,1.58
"2025-03-01","Weibo Gaming",4,1,3,31.9,46,65,0.71,0.87,,"-3.3%",,,,"25%","75%",,,"75%","67%","0%","44%",,,"25%","48.4%","48.5%",3.54,1.34,1.24








